,ID,ID2,NAMAD,DESC,UN1,VOLUME,UN2,UN3,CAT,UN4,TYPE
0,120708739675404,IRO2X13T8061,جكانه806,آتي ش كانه هاي فلزي-1398/06/13,61103,0,1,37,13,1200,263
1,143187001116603,IRO6MELZ96C1,تملي612,تسهيلات مسكن بانك ملي-اسفند96,61042,0,1,42,59,5870,307
2,318005355896147,IRO7PFSP0001,فسا,پتروشيمي فسا,115957,14879224,1,1064,44,3486000000,309
3,350097973599097,IRO6MSKZ9751,تسه9705,امتياز تسهيلات مسكن مرداد97,120933,883,1,84,59,1958851,307
4,408934423224097,IRO1FRVR0001,فرآور,فرآوري‌موادمعدني‌ايران‌,121000,570943,48000,790,27,120000000,300
5,523316700238094,IRO9MKBT0301,ضمخا7012,اختيارخ اخابر-3200-1398/07/10,61108,0,1,8,64,1000,311
6,611986653700161,IRO3SBZZ0001,سبزوا,سيمان لار سبزوار,120710,4143196,1,763,53,599425579,303
7,778253364357513,IRO1BMLT0001,وبملت,بانك ملت,121054,82955474,3237294,3262,57,50000000000,300
8,793710053482057,IRO7PYAP0001,لپيام,گسترش صنايع پيام,61047,0,1,430,32,180000000,309
9,831325835570803,IRO7CNAP0001,ثنام,س ساختماني ب نام آوران مهندسي,115950,5608448,1,691,70,500000000,309
10,878562999947395,IRO9MKBT0401,ضمخا1007,اختيارخ اخابر-3200-1398/10/11,61108,0,1,10,64,1000,311
11,881618880255065,IRB3SS2499C1,شستا994,اجاره تامين اجتماعي-نوين991226,61026,0,1,154,69,3000000,306
12,1072964149653157,IRB5METR98C1,مترو9812,مشاركت شهرداري تهران-3ماهه18%,61049,0,1,145,45,3000000,301
13,1191179798280970,IRO9MKBT0421,ضمخا1009,اختيارخ اخابر-3600-1398/10/11,61108,0,1,6,64,1000,311
14,1200391996585610,IRO6MELZ97A1,تملي710,تسهيلات مسكن ب. ملي-دي97,61042,0,1,29,59,15358,307
15,1358190916156744,IRO1TAZB0001,وآذر,سرمايه‌گذاري‌توسعه‌آذربايجان‌,120117,101530,90009,442,70,100000000,300
16,1625149423498289,IRO3SMBZ0001,حسينا,توسعه خدمات دريايي وبندري سينا,121037,2496017,1,717,60,500000000,303
17,1723099959084685,IRR1TKIN0101,رتكوح,ح . كنترل‌خوردگي‌تكين‌كو,121046,1926341,1,527,74,110000000,400
18,1745829084228393,IRB5R01099B1,رايان911,مشاركت رايان سايپا-3ماهه18%,61049,0,1,65,65,1000000,301
19,1806692551822666,IRB3AL010251,البرز02,اجاره ريلي البرزنيرو14020514,61023,0,1,115,69,1050000,306
20,2147129961448440,IRO6MELZ97C1,تملي712,تسهيلات مسكن ب. ملي-اسفند97,61042,0,1,40,59,14060,307
21,2254054929817435,IRO1KDPS0001,غدام,خوراك‌  دام‌ پارس‌,121005,119132,24000,520,42,60000000,300
22,2318736941376687,IRO7SDRP0001,خصدرا,صنعتي‌ دريايي‌ ايران‌,115952,8697345,1,2693,45,1500000000,309
23,2328862017676109,IRO1SPAH0001,وسپه,سرمايه‌گذاري‌ سپه‌,121015,20737773,2676400,638,56,6691000000,300
24,2434703913394836,IRO1DMOR0001,غدشت,دشت‌ مرغاب‌,121047,24853,21381,677,42,53453000,300
25,2589887561569709,IRO1ZMYD0001,خزاميا,زامياد,120631,162714307,2211957,2578,34,5529892000,300
26,2679792704302466,IRO9FOLD4111,ضفلا2022,اختيارخ فولاد-4000-1398/02/31,120459,2500,1,40,27,1000,311
27,2849875720026255,IRB6SP0701C1,صايپا112,صكوك مرابحه سايپا112-3ماهه 16%,61050,0,1,23,34,2500000,208
28,2888358730233310,IRB3SI2399B1,اجاد23,اجاره دولتي آپرورش-ملت991118,61025,0,1,155,69,2000000,306
29,2929948497881810,IRB3SI2599B1,اجاد25,اجاره دولتي آپرورش-سپهر991118,61025,0,1,152,69,3000000,306
30,2944500421562364,IRO1TOSA0001,وتوصا,گروه س توسعه صنعتي ايران,120705,1436363,1060000,767,56,2650000000,300
31,3050342257199174,IRO7NJSP0001,قنقش,قند نقش جهان,61046,0,1,351,38,139000000,309
32,3133794353962912,IRO9PNBA0711,ضبدر2012,اختيارخ شبندر-11000-98/02/18,61109,0,1,23,23,1000,311
33,3149396562827132,IRO1LIRZ0001,وايران,ليزينگ ايرانيان,120703,13612973,400000,680,58,1000000000,300
34,3173544097113770,IRO7STNP0001,شستان,پتروشيمي گلستان,61049,0,1,581,44,473000000,309
35,3395628345172894,IRO9MAPN0281,ضپنا7015,اختيارخ رمپنا-7500-1398/07/17,61107,0,1,4,74,1000,311
36,3453027360500664,IRB3SS330051,شستا003,اجاره تامين اجتماعي-سپهر000523,92313,13880,1,160,69,3000000,306
37,3492952121304423,IRO3PKDZ0001,غديس,پاكديس,121053,1616018,1,621,42,280000000,303
38,3493306453706327,IRO1SHOY0001,شوينده,مديريت صنعت شوينده ت.ص.بهشهر,121046,4411026,400000,1013,44,1000000000,300
39,3623921205367364,IRO1DMVN0001,كدما,معدني‌ دماوند,120944,227568,12000,982,13,30000000,300
40,3654864906585643,IRO1TKNO0001,تكنو,تكنوتار,121019,9585177,174886,1381,29,245549000,300
41,3715246194918044,IRB3KORZ9821,سكرد98,مشاركت سيمان كردستان980219,61024,0,1,120,69,331763,306
42,3722699128879020,IRO1TAYD0001,حتايد,تايدواترخاورميانه,121023,1321457,400000,690,60,1000000000,300
43,3823146019192598,IRR3SHHZ0101,غشهدابح,ح. كشت و صنعت شهداب ناب خراسان,120708,1111962,1,240,42,290000000,403
44,3823243780502959,IRO1TKIN0001,رتكو,كنترل‌خوردگي‌تكين‌كو,120533,1850745,80000,1395,74,200000000,300
45,3826561665587230,IRO6MELZ9761,تملي706,تسهيلات مسكن ب. ملي-شهريور97,115803,7,1,57,59,14199,307
46,3863538898378476,IRO1MSKN0001,ثمسكن,سرمايه‌گذاري‌ مسكن‌,121040,50919274,2200000,1428,70,5500000000,300
47,4146533087427956,IRB5SAPM9981,صايپا908,صكوك مرابحه سايپا908-3ماهه 18%,120936,1168,1,134,34,2000000,301
48,4194068546546204,IRO9IKCO4011,ضخود1024,اختيارخ خودرو-4600-1398/10/15,61106,0,1,7,34,1000,311
49,4247709727327181,IRO3KARZ0001,مفاخر,توسعه فناوري اطلاعات خوارزمي,120118,5758913,1,754,72,170000000,303
50,4338173689017034,IRB3GH019971,قرن99,مرابحه پديده شيمي قرن990701,61023,0,1,134,69,500000,306
51,4384288570322406,IRO1EXIR0001,دلر,داروسازي‌ اكسير,120815,629242,180000,759,43,450000000,300
52,4470657233334072,IRO1SKHS0001,سخاش,سيمان‌خاش‌,113742,11831,50000,306,53,125000000,300
53,4507558419857064,IRO3MACZ0001,زماهان,مجتمع توليد گوشت مرغ ماهان,121051,9256596,1,1821,1,400000000,303
54,4528607775462304,IRO1SFNO0001,سفانو,سيمان فارس نو,121011,1313111,200000,587,53,500000000,300
55,4563413583000719,IRO1SDAB0001,ساراب,سيمان‌ داراب‌,121002,8542826,360000,867,53,900000000,300
56,4578531104656955,IRO9IKCO0801,ضخود3023,اختيارخ خودرو-4400-1398/03/19,61106,0,1,27,34,1000,311
57,4614779520007780,IRO1ARDK0001,كسرا,سراميك‌هاي‌صنعتي‌اردكان‌,120849,23814165,232000,2201,54,580000000,300
58,4659957480182399,IRB3SI2199B1,اجاد21,اجاره دولتي آپرورش-تمدن991118,61025,0,1,140,69,2500000,306
59,4733285133017464,IRO1FKAS0001,فخاس,فولاد خراسان,120633,535196,1054074,600,27,9000000000,300
60,4758266259250794,IRO1SZPO0001,خپويش,سازه‌ پويش‌,120739,23587,40000,180,34,100000000,300
61,4942127026063388,IRO1BAMA0001,كاما,باما,121022,3440686,400000,915,13,1000000000,300
62,5001782510911006,IRO9IKCO0901,ضخود7026,اختيارخ خودرو-4600-1398/07/14,61106,0,1,10,34,1000,311
63,5054819322815158,IRO1MAGS0001,زمگسا,كشاورزي‌ ودامپروي‌ مگسال‌,121040,2255795,120000,919,1,300000000,300
64,5187018329202415,IRO1PELC0001,لپارس,پارس‌ الكتريك‌,120754,1377102,120000,835,32,300000000,300
65,5305844922895340,IRO3AVLZ0001,داوه,داروسازي آوه سينا,121017,2385599,1,1327,43,480000000,303
66,5427792638736934,IRO3FAAZ0001,زفكا,كشت و دامداري فكا,121036,2863395,1,1167,1,300000000,303
67,5516102131364383,IRO3MNOZ0001,غمينو,شركت صنايع غذايي مينو شرق,120955,13463355,1,838,42,178000000,303
68,5564768007356822,IRO3HRLZ0001,حريل,ريل پردازسير,121040,83785180,1,1954,60,1960000000,303
69,5654373909712808,IRO9IKCO0761,ضخود3019,اختيارخ خودرو-3600-1398/03/19,61105,0,1,21,34,1000,311
70,5866848234665627,IRO1DSBH0001,دسبحان,سبحان دارو,121053,3057887,412000,1359,43,1030000000,300
71,6043384171800349,IRO1PMSZ0001,ثشرق,سرمايه گذاري مسكن شمال شرق,121020,8489939,410509,489,70,900000000,300
72,6110133418282108,IRO1PARS0001,پارس,پتروشيمي پارس,121040,1620182,259397,1927,44,6000000000,300
73,6131290133202745,IRO1MRAM0001,غمهرا,توليدي‌مهرام‌,121022,111007,37423,456,42,93558000,300
74,6407416542775441,IRO9MAPN0391,ضپنا1009,اختيارخ رمپنا-8000-1398/10/18,61107,0,1,4,74,1000,311
75,6433335428452486,IRO7TONP0001,خعمرا,توسعه و عمران شهرستان نائين,61049,0,1,88,34,80000000,309
76,6460853561223872,IRO9MKBT0191,ضمخا3014,اختيارخ اخابر-3000-1398/03/29,111038,100,1,73,64,1000,311
77,6478064539164167,IRO3RPEZ0001,ريشمك,توليد و صادرات ريشمك,121049,2445141,1,1671,43,300000000,303
78,6506179926371994,IRO7PAIP0001,آريان,سرمايه گذاري پارس آريان,61047,0,1,400,56,19817375000,309
79,6757220448540984,IRO1SIMS0001,سشمال,سيمان‌ شمال‌,120528,4853141,430028,502,53,1075071231,300
80,6832010779381661,IRO9FKHZ0101,ضخوز2007,اختيارخ فخوز-9500-1398/02/16,120745,182,1,42,27,1000,311
81,6847536925606808,IRO3MOIZ0001,ومعلم,بيمه معلم,121034,8842221,1,1415,66,1500000000,303
82,6899967624227523,IRO9MKBT0411,ضمخا1008,اختيارخ اخابر-3400-1398/10/11,61108,0,1,6,64,1000,311
83,6951212170412722,IRB3SS320051,شستا002,اجاره تامين اجتماعي-تمدن000523,61026,0,1,189,69,4000000,306
84,7023256642762717,IRBKSSH19831,عشرق,اوراق سلف سيمان شركت سيمان شرق,61051,0,1,83,53,267857,308
85,7183333492448248,IRO1DARO0001,وپخش,داروپخش‌ (هلدينگ‌,121024,523630,336000,681,43,840000000,300
86,7235435095059069,IRO1KVRZ0001,پكوير,كوير تاير,121049,2053856,280000,1014,25,700000000,300
87,7300125658580126,IRO3IKAZ0001,زكشت,كشاورزي مكانيزه اصفهان كشت,121013,424150,1,611,1,200000000,303
88,7385624172574740,IRO1RENA0001,ورنا,سرمايه‌گذاري‌ رنا(هلدينگ‌,121046,36418121,3184000,1448,34,7960000000,300
89,7395271748414592,IRO1IKHR0001,وخارزم,سرمايه گذاري خوارزمي,121044,59915520,5000000,1762,56,12500000000,300
90,7457232989848872,IRO1TMKH0001,خمحور,توليدمحورخودرو,115809,1248066,168296,459,34,420741000,300
91,7483280423474368,IRO1ATIR0001,خاهن,آهنگري‌ تراكتورسازي‌ ايران‌,121048,1914070,950953,792,34,2377382750,300
92,7503669593172728,IRO7SESP0001,ثاصفا,شركت‌ ساختمان‌ اصفهان‌,115959,3111956,1,517,70,160000000,309
93,7505990056227818,IRO7PMMP0001,ممسني,پتروشيمي ممسني,115849,1288422,1,562,44,1390000000,309
94,7628308021169118,IRO3KAHZ0001,بكهنوج,توليد برق ماهتاب كهنوج,121054,4432878,1,1248,40,633000000,303
95,7711282667602555,IRO1PARK0001,شاراك,پتروشيمي شازند,121041,13324564,1515611,2096,44,8064000000,300
96,7715968593254705,IRB3IS0100A1,شرق1400,مشاركت ليزينگ ايران وشرق140010,94932,2,1,145,69,240000,306
97,7745894403636165,IRO1PNES0001,شپنا,پالايش نفت اصفهان,121037,27460410,974944,2468,23,20000000000,300
98,7769065543658313,IRO7TSEP0001,توسعه,اعتباري توسعه,61049,0,1,568,57,2000000000,309
99,7881099657101647,IRO3BHKZ0001,حكمت,بانك حكمت  ايرانيان,61030,0,1,590,57,6000000000,303
100,7902182071079987,IRB4SM0000A1,اشاد1,مشاركت دولتي1-شرايط خاص001026,61028,0,1,135,69,10000000,706
101,7938904494569702,IRB3MAIZ9931,ماهان99,اجاره هواپيمايي ماهان 9903,110316,168,1,172,69,2100000,306
102,8027198225150004,IRB4SM039871,اشاد3,مشاركت دولتي3-شرايط خاص980713,61028,0,1,147,69,8899899,706
103,8152002614711054,IRB3KM019891,كرمان98,مرابحه كرمان موتور 980912,94608,13,1,130,69,1000000,306
104,8174243655864577,IRB3SS2299C1,شستا992,اجاره تامين اجتماعي-سپهر991226,61026,0,1,174,69,5000000,306
105,8245207996110059,IRB3TB189871,اخزا606,اسنادخزانه-م6بودجه96-980722,115115,26193,1,199,69,10000000,306
106,8646067353086740,IRO3BLSZ0001,بالاس,مهندسي ساختمان تاسيسات راه آهن,121016,3790878,1,864,45,150000000,303
107,8773871250605876,IRO2X44T8061,جشيمي806,آتي ش شيميايي-1398/06/25,61103,0,1,28,44,6000,263
108,8915450910866216,IRO1DZAH0001,دزهراوي,داروسازي‌زهراوي‌,120926,3739330,1001600,1245,43,2504000000,300
109,8977369674477111,IRO1TBAS0001,كطبس,ذغال‌سنگ‌ نگين‌ ط‌بس‌,121054,2272172,74000,908,10,185000000,300
110,8977441217024425,IRO1SEPA0001,فسپا,گروه‌صنعتي‌سپاهان‌,121007,1488521,260000,788,27,650000000,300
111,9141577977527107,IRO7VIRP0001,وايرا,سرمايه گذاري صنايع ايران,120000,1801008,1,479,56,440000000,309
112,9211775239375291,IRO3ZOBZ0001,ذوب,سهامي ذوب آهن  اصفهان,121050,206586917,1,4935,27,61503538554,303
113,9340069258093236,IRK1A0339881,زعف9808پ05,زعفران9808نگين زرين(پ),120155,16940,1,534,42,5400000,701
114,9481703061634967,IRO1IPAR0001,پارسيان,بيمه پارسيان,121036,13074371,1200000,910,66,3000000000,300
115,9536587154100457,IRO1BPAS0001,وپاسار,بانك  پاسارگاد,121046,71572938,7047216,1884,57,50400000000,300
116,9761381741308262,IRO7SHOP0001,وشمال,س. چشم انداز توسعه شمال,61048,0,1,558,56,121900000,309
117,9925667573671884,IRB3TB299851,اخزا622,اسنادخزانه-م22بودجه96-980523,120308,7812,1,199,69,10000000,306
118,9987529074833218,IRO7ABYP0001,آبين,كشت و صنعت آبشيرين,115959,2344261,1,603,1,294635458,309
119,10024128313803797,IRO3GDSZ0001,زگلدشت,كشت و دام گلدشت نمونه اصفهان,121037,510096,1,709,1,200000000,303
120,10051281467803178,IRB3TB429841,اخزا711,اسنادخزانه-م11بودجه97-980430,61028,0,1,175,69,10000000,306
121,10055255678920880,IRO7MIVP0001,وملت,سرمايه گذاري ملت,61046,0,1,657,56,1000000000,309
122,10120557300120078,IRO1SHND0001,پسهند,صنايع‌ لاستيكي‌  سهند,121017,2054204,140000,1045,25,350000000,300
123,10145129193828624,IRT1CNGF0001,نگين,ص.س. زمين و ساختمان نگين شهرري,61124,0,1,66,68,27000000,305
124,10339760823334065,IRB3PLIZ9971,لوتوس99,اجاره لوتوس پارسيان990717,61024,0,1,72,69,480000,306
125,10568944722570445,IRO1SEFH0001,سصفها,سيمان‌اصفهان‌,120910,271369,80000,540,53,200000000,300
126,10574526790623372,IRO6MSKZ97A1,تسه9710,امتياز تسهيلات مسكن دي 97,121034,1930,1,118,59,1721784,307
127,10654052153538617,IRO7ABGP0001,كابگن,توليدي و صنعتي آبگينه‌,61043,0,1,304,54,93900000,309
128,10673281468663757,IRO9PNES0731,ضشنا3016,اختيارخ شپنا-8500-1398/03/22,61110,0,1,20,23,1000,311
129,10795723506538053,IRT1FIRO0001,فيروزا,صندوق بادرآمد ثابت فيروزه آسيا,104138,19228,1,67,68,100000000,305
130,10831551130410639,IRO3MSZ96081,تسه9608,امتياز تسهيلات مسكن آبان96,120537,99,1,84,59,1524213,303
131,11019264549255051,IRB4SM0798C1,اشاد7,مشاركت دولتي7-شرايط خاص981227,61028,0,1,135,69,3089457,706
132,11027959348927916,IRO9FOLD4061,ضفلا2017,اختيارخ فولاد-2885-1398/02/31,61104,0,1,23,27,1733,311
133,11258722998911897,IRO1SKBV0001,وسكاب,سرمايه گذاري نور كوثر ايرانيان,121026,17201277,2000000,1108,56,5000000000,300
134,11332953223903902,IRO3MSZ97011,تسه9701,امتياز تسهيلات مسكن فروردين97,121051,513,1,110,59,1873865,303
135,11403770140000603,IRO1VLMT0001,ولملت,واسپاري ملت,121049,3352886,375940,534,58,800000000,300
136,11427939669935844,IRT3SATF0001,اطلس,صندوق س.توسعه اندوخته آينده-س,120342,92758,1,166,68,1000000000,305
137,11432067920374603,IRO1DSIN0001,دسينا,داروسازي‌ سينا,121009,127036,320000,527,43,800000000,300
138,11436351136435427,IRO9BMLT0071,ضملت2005,اختيارخ وبملت-2600-1398/02/22,61103,0,1,49,57,1000,311
139,11518268622170640,IRO9MKBT0221,ضمخا3017,اختيارخ اخابر-3600-1398/03/29,61107,0,1,10,64,1000,311
140,11560002870991149,IRO7PGIP0001,وپسا,س. پتروشيمي ساختمان  خليج فارس,115121,887260,1,440,45,2500000000,309
141,11622051128546106,IRO1PAKS0001,شپاكسا,پاكسان‌,121032,2685453,432000,776,44,1080000000,300
142,11640540339380126,IRO1PABD0001,شپترو,پتروشيمي‌ آبادان‌,121049,29612982,1408000,2097,44,3520000000,300
143,11711516773416287,IRO2X27T8061,جفلز806,آتي ش فلزات اساسي-1398/06/23,102843,3,1,38,27,600,263
144,11773403764702778,IRO1BIME0001,وبيمه,سرمايه‌ گذاري‌ صنعت‌ بيمه‌,120924,27386388,300000,1788,56,750000000,300
145,11927496285559135,IRB3SA1000C1,اروند10,منفعت صبا اروند لوتوس 14001222,61025,0,1,75,69,5000000,306
146,11964419322927535,IRO1SROD0001,سرود,سيمان‌شاهرود,121054,1652626,324000,520,53,810000000,300
147,12133995575626103,IRO9MSMI0921,ضملي2017,اختيارخ فملي -2800-1398/02/25,61108,0,1,22,27,1000,311
148,12303918642491681,IRO7ZNJP0001,زنجان,صنايع كشاورزي وكود زنجان,115954,7168203,1,982,44,3500000000,309
149,12329519546621752,IRO1CHDN0001,چدن,توليدي چدن سازان,121011,9015257,400000,900,28,1000000000,300
150,12329915567896606,IRO3JPRZ0001,چكاپا,گروه  صنايع كاغذ پارس,121052,70594893,1,2625,21,2355596000,303
151,12387472624849835,IRO1DOSE0001,داسوه,داروسازي‌ اسوه‌,121046,404276,300000,689,43,750000000,300
152,12638840758449459,IRO3PKSH0001,پخش,پخش البرز,115523,1717520,1,989,43,600000000,303
153,12698487783816443,IRO9GOLG0831,ضگل2016,اختيارخ كگل-5868-1398/02/29,61105,0,1,21,13,1278,311
154,12746730665870442,IRO3BHPZ0001,بهپاك,صنعتي بهپاك,121017,3117767,1,798,42,500000000,303
155,12752224677923341,IRO1RIIR0001,خريخت,صنايع‌ريخته‌گري‌ايران‌,121041,49082016,504873,1939,34,1262183447,300
156,12901875871456398,IRO7RAZP0001,ولراز,ليزينگ رازي,115919,524589,1,571,65,22000000,309
157,12965822877128721,IRO7QAZP0001,ثقزوي,شركت عمران و سازندگي قزوين,61047,0,1,895,70,80000000,309
158,13010835010902276,IRR1MNSR0101,خنصيرح,ح . مهندسي‌نصيرماشين‌,61120,0,1,72,34,40000000,400
159,13227300125161435,IRO1SSOF0001,سصوفي,سيمان‌ صوفيان‌,120941,4323539,440000,607,53,1100000000,300
160,13281937213456378,IRO3RSKZ0001,حسير,ريل سير كوثر,120517,3910179,1,789,60,602947306,303
161,13515337669432764,IRO9IKCO0911,ضخود7027,اختيارخ خودرو-4800-1398/07/14,61106,0,1,7,34,1000,311
162,13611044044646901,IRO1BMEL0001,ملت,بيمه ملت,120936,3099621,1140000,1115,66,2850000000,300
163,13891373690607361,IRB4SR260091,سلامت6,مرابحه سلامت6واجدشرايط خاص1400,100924,3300,1,162,69,17380000,706
164,13937270451301973,IRO1TSBE0001,وبشهر,توسعه‌ صنايع‌ بهشهر(هلدينگ,121043,4846713,3300000,905,42,8250000000,300
165,13967269682146651,IRO9PNES0771,ضشنا3020,اختيارخ شپنا-11000-1398/03/22,61110,0,1,22,23,1000,311
166,14061572253297066,IRO1SPAH0002,وسپه2,سرمايه‌گذاري‌ سپه‌,120831,48000000,1,17,56,6691000000,300
167,14231831499205396,IRO1SSNR0001,سنير,سيمان‌ سفيد ني‌ريز,120834,118723,40000,747,53,100000000,300
168,14312030900097668,IRO3PGPZ0001,غگلپا,شير پاستوريزه پگاه گلپايگان,120718,2008138,1,644,42,120000000,303
169,14398278072324784,IRO1GHEG0001,قهكمت,قندهكمتان‌,121047,1096889,109440,1108,38,273600000,300
170,14419553185076635,IRO9IKCO0821,ضخود3025,اختيارخ خودرو-4800-1398/03/19,61106,0,1,26,34,1000,311
171,14617104402836487,IRO1SEIL0001,سيلام,سيمان‌ ايلام‌,115916,4678760,165000,897,53,412500000,300
172,14798249266057986,IRB4SM0698C1,اشاد6,مشاركت دولتي6-شرايط خاص981201,92651,100,1,164,69,23953289,706
173,14800142337291217,IRO3FAYZ0001,فولاي,صنايع فولاد آلياژي يزد,120933,6076280,1,975,27,134000000,303
174,14880127004206268,IRO7AIBP0001,وآداك,صنعت و تجارت آداك,61043,0,1,161,56,870000000,309
175,14957056743925737,IRO1LENT0001,خلنت,لنت‌ ترمزايران‌,113342,158461,40151,967,34,88000000,300
176,15039949673085566,IRO1AYEG0001,پرديس,سرمايه گذاري پرديس,121043,8607043,500000,1026,56,1250000000,300
177,15124889255100138,IRT3VC010001,رويش,ص.س.جسورانه رويش لوتوس70%تأديه,61056,0,1,54,68,500000,305
178,15221664222769132,IRO6MSKZ9811,تسه9801,امتياز تسهيلات مسكن فروردين98,121053,33860,1,275,59,1755275,307
179,15259343650667588,IRO1GGAZ0001,قزوين,كارخانجات‌ قند قزوين‌,121051,3246219,132079,1379,38,330196748,300
180,15367844410233944,IRO9FOLD4091,ضفلا2020,اختيارخ فولاد-3750-1398/02/31,61104,0,1,40,27,1733,311
181,15374483986949695,IRO7PDHP0001,دهدشت,صنايع پتروشيمي دهدشت,61047,0,1,211,44,1549430000,309
182,15424938732223941,IRB3SHSZ9911,صشرق99,مرابحه سيمان شرق 990109,61025,0,1,62,69,64000,306
183,15451317146134956,IRT1OMEL0001,افق ملت,صندوق س در سهام افق ملت,115405,2113045,1,117,68,50000000,305
184,15472396110662150,IRO1SKER0001,سكرما,سيمان‌ كرمان‌,121034,7602028,396576,1403,53,991440000,300
185,15726796686853780,IRO3OSHZ0001,ثعمرا,عمران و توسعه شاهد,120738,15257751,1,963,70,1300000000,303
186,15826229869421585,IRO1MNMH0001,تمحركه,ماشين‌سازي‌نيرومحركه‌,121035,9496921,169377,757,29,121843000,300
187,15890655003477913,IRB3SA1100C1,اروند11,منفعت صبا اروند سپهر 14001222,61025,0,1,95,69,5000000,306
188,15917865009187760,IRO3IOMZ0001,ماديرا,صنايع ماشين هاي اداري ايران,121015,5168577,1,1009,26,1200000000,303
189,15930821245168534,IRO7KACP0001,سكارون,سيمان كارون,61045,0,1,580,53,208833333,309
190,15949743338644220,IRO1SURO0001,ساروم,سيمان‌اروميه‌,120102,1290731,280000,644,53,700000000,300
191,16236181211342354,IRB3SI2799B1,اجاد27,اجاره دولت آپرورش-كاردان991118,61026,0,1,141,69,1000000,306
192,16303324355390262,IRB4SF010061,افاد1,منفعت دولت-با شرايط خاص140006,61028,0,1,144,69,30000000,706
193,16315910303613772,IRO7IKDP0001,خاور,ايران خودرو ديزل,115959,55482564,1,1469,34,4989059000,309
194,16369313804633525,IRO1HJPT0001,حپترو,حمل و نقل پتروشيمي( سهامي عام,115952,1054859,131926,544,60,200000000,300
195,16405556680571453,IRO1KCHI0001,كخاك,صنايع‌خاك‌چيني‌ايران‌,121037,1027778,150000,681,54,375000000,300
196,16410724132711490,IRO3GFRZ0001,غفارس,شير پاستوريزه پگاه فارس,120549,14520,1,409,42,244705000,303
197,16553062355259729,IRO7MILP0001,بميلا,توسعه بازرگاني آهن وفولادميلاد,115952,4817339,1,948,46,320000000,309
198,16569753323953832,IRO9MKBT0111,ضمخا3006,اختيارخ اخابر-1700-1398/03/29,61107,0,1,5,64,1000,311
199,16624619780986354,IRO9PNBA0721,ضبدر2013,اختيارخ شبندر-12000-98/02/18,61109,0,1,39,23,1000,311
200,16673205196919832,IRO7FAPP0001,شفارا,پتروشيمي فارابي,61044,0,1,1271,44,2630463000,309
201,16693610252404739,IRO3SLVZ0001,ثالوند,سرمايه گذاري مسكن الوند,121049,13840490,1,674,70,500000000,303
202,16725382720692568,IRO3MSZ96031,تسه9603,امتياز تسهيلات مسكن خرداد 96,120713,921,1,109,59,1307597,303
203,16777570760181431,IRO7PKZP0001,كازرو,پتروشيمي كازرون,115919,143917,1,335,44,1230000000,309
204,16959429956899455,IRO1AMLH0001,شاملا,معدني‌ املاح‌  ايران‌,115151,170609,84000,656,44,210000000,300
205,17011820131539756,IRO9MAPN0291,ضپنا7016,اختيارخ رمپنا-8000-1398/07/17,61107,0,1,6,74,1000,311
206,17043857246932770,IRB3TB269881,اخزا615,اسنادخزانه-م15بودجه96-980820,120858,14517,1,219,69,7000000,306
207,17054715758780371,IRO9GOLG0851,ضگل2018,اختيارخ كگل-6650-1398/02/29,61105,0,1,31,13,1278,311
208,17059960254855208,IRO1BENN0001,غبهنوش,بهنوش‌ ايران‌,120621,157878,144000,415,42,360000000,300
209,17081426540353962,IRB3TB209841,اخزا608,اسنادخزانه-م8بودجه96-980411,120821,32162,1,240,69,16000000,306
210,17214465155779478,IRO9BMLT0081,ضملت2006,اختيارخ وبملت-2800-1398/02/22,93738,50,1,29,57,1000,311
211,17237314339763699,IRR1GOST0101,خگسترح,ح . سرمايه‌گذاري‌ايران‌خودرو,121041,10640281,1,601,34,900000000,400
212,17269972595370241,IRO7ATSP0001,وآتوس,س.آرين توسكا قيمت اسمي 350ريال,115951,1594774,1,648,65,60000000,309
213,17284166795866794,IRO7VHYP0001,واحيا,م .صنايع و معادن احياء سپاهان,115955,1201225,1,908,65,1000000000,309
214,17330546482145553,IRO1MHKM0001,خمهر,مهركام‌پارس‌,121036,21467328,744708,1441,34,1861769476,300
215,17528249960294496,IRO1TMEL0001,وتوسم,سرمايه‌گذاري‌توسعه‌ملي‌,120500,2787404,1800000,498,56,4500000000,300
216,17617474823279712,IRO3ASPZ0001,آ س پ,آ.س.پ,120606,2430104,1,574,70,900000000,303
217,17661113951261114,IRO6MELZ97B1,تملي711,تسهيلات مسكن ب. ملي-بهمن97,61042,0,1,28,59,15358,307
218,17780822022616031,IRO9IKCO0991,ضخود1023,اختيارخ خودرو-4400-1398/10/15,61106,0,1,6,34,1000,311
219,17800036702302776,IRO1BSTE0001,ثاخت,بين‌المللي‌توسعه‌ساختمان,120549,4463539,2400000,595,70,6000000000,300
220,17834623106317041,IRO1MNSR0001,خنصير,مهندسي‌نصيرماشين‌,121029,6805319,167785,512,34,207166420,300
221,17933573078185644,IRO7BHEP0001,آينده,بازرگاني آينده سازان بهشت پارس,61043,0,1,506,1,417831000,309
222,17939384202383793,IRO3CGRZ0001,ثغرب,شركت سرمايه گذاري مسكن شمالغرب,121041,12872450,1,1442,70,900000000,303
223,18004480270695404,IRO1ALMR0001,فمراد,آلومراد,120156,1343036,67889,942,27,49535498,300
224,18027801615184692,IRO1CHML0001,كچاد,معدني‌وصنعتي‌چادرملو,121047,11279828,2034174,1995,13,44000000000,300
225,18056637179470153,IRO9IKCO0831,ضخود3026,اختيارخ خودرو-5000-1398/03/19,61106,0,1,27,34,1000,311
226,18063426072758458,IRO1SBAH0001,وبهمن,سرمايه‌گذاري‌بهمن‌,115907,1725358,1100000,584,56,2750000000,300
227,18067743398074470,IRB3TB470041,اخزا716,اسنادخزانه-م16بودجه97-000407,114447,8039,1,212,69,10679169,306
228,18093681647131179,IRO3DTDZ0001,دتوليد,داروسازي توليد دارو,120516,2855655,1,864,43,370000000,303
229,18098201060751341,IRO9MKBT0181,ضمخا3013,اختيارخ اخابر-2800-1398/03/29,61107,0,1,50,64,1000,311
230,18206377705353466,IRO9MKBT0381,ضمخا1005,اختيارخ اخابر-2800-1398/10/11,61108,0,1,7,64,1000,311
231,18275313863657221,IRB6SP040141,صايپا104,صكوك اجاره سايپا - 3ماهه18%,61050,0,1,84,34,3900000,208
232,18303237082155264,IRO1FTIR0001,دفرا,فرآورده‌هاي‌ تزريقي‌ ايران‌,120431,57980,280000,603,43,700000000,300
233,18346219759153870,IRO7PESP0001,شصفها,پتروشيمي‌ اصفهان‌,61047,0,1,638,44,300000000,309
234,18401147983387689,IRO1MINO0001,غپينو,پارس‌ مينو,121028,3066896,504000,663,42,1260000000,300
235,18568915061663137,IRB3SA0400B1,اروند04,منفعت صبا اروند كاردان14001113,115301,19330,1,90,69,1000000,306
236,18599703143458101,IRO1OMID0001,اميد,تامين سرمايه اميد,120833,696649,2400000,578,67,6000000000,300
237,18683861709119246,IRB3SR2199B1,سلامت1,مرابحه دولتي تعاون-ملت991118,61026,0,1,143,69,3500000,306
238,18822704361279128,IRB4SI4299C2,اجاد422,اجاره دولت-واجدشرايط خاص991224,61028,0,1,22,69,1500000,706
239,18883380772506226,IRO3ZNDZ0001,ثرود,سرمايه‌گذاري مسكن زاينده رود,120634,1360401,1,467,70,500000000,303
240,18975908896241948,IRT1OMEL0002,افق ملت2,صندوق س در سهام افق ملت,113514,2100000,1,16,68,50000000,305
241,18982971907252877,IRR7SASP0101,سجامح,ح.مجتمع سيمان غرب آسيا,115227,870421,1,82,53,509128950,404
242,19024886606470752,IRB4SI4299C1,اجاد42,اجاره دولت-واجدشرايط خاص991224,61028,0,1,121,69,1500000,706
243,19257295292088310,IRO1INDM0001,خكمك,كمك‌فنرايندامين‌,120833,4673754,275482,550,34,320857300,300
244,19298748452450329,IRO1TRIR0001,تايرا,تراكتورسازي‌ايران‌,121043,993978,720000,570,29,1800000000,300
245,19367527798307032,IRO7ALTP0001,فالوم,آلومتك‌,61043,0,1,470,27,750000000,309
246,19471788163911687,IRO1NSPS0001,كفپارس,فرآورده‌هاي‌ نسوز پارس‌,121017,2348985,58679,673,54,100000000,300
247,19839750988634567,IRO7KARP0001,وآفري,بيمه كارآفرين,115943,1140888,1,515,66,1750000000,309
248,19920168236103182,IRO3MSZ96101,تسه9610,امتياز تسهيلات مسكن دي96,120550,452,1,88,59,1629968,303
249,20024911381434086,IRO1KIMI0001,دكيمي,كيميدارو,120731,642364,230400,690,43,576000000,300
250,20034264486679145,IRO7SASP0001,سجام,مجتمع سيمان غرب آسيا,115705,1238459,1,659,53,2051943950,309
251,20393717141867821,IRO6MSKZ9791,تسه9709,امتياز تسهيلات مسكن آذر97,120946,1856,1,100,59,1854117,307
252,20411759370751096,IRO1KNRZ0001,كنور,توسعه معدني و صنعتي صبانور,121046,7636147,1174569,866,13,2936422000,300
253,20453828618330936,IRO1NIRO0001,بنيرو,نيروترانس‌,121024,1935629,200000,761,31,500000000,300
254,20487994977117557,IRO1SHAD0001,غشهد,شهد ايران‌,120903,504513,80000,657,42,200000000,300
255,20560887114747719,IRO1PSER0001,كسرام,پارس‌ سرام‌,120620,1486793,24000,1111,54,60000000,300
256,20562694899904339,IRO1PRDZ0001,شپديس,پتروشيمي پرديس,121051,5591066,609682,1096,44,6000000000,300
257,20865316761157979,IRO1MARK0001,فاراك,ماشين‌ سازي‌ اراك‌,121046,64047616,2514619,2248,28,6286547978,300
258,20871691400007862,IRK1A0349881,زعف9808پ09,زعفران9808نگين نوين(پ),94746,200,1,176,42,1000000,701
259,20926459161497908,IRO3PMTZ0001,ثتران,سرمايه گذاري مسكن تهران,120900,28030825,1,1833,70,1200000000,303
260,20946530370469828,IRO1LZIN0001,وليز,ليزينگ‌ايران‌,120820,4650633,454545,486,58,600000000,300
261,20966291817819448,IRO7LSDP0001,فسديد,لوله‌وتجهيزات‌ سديد - ورشكسته,61046,0,1,522,27,97800000,309
262,21166660564301770,IRB3SS310051,شستا001,اجاره تامين اجتماعي-امين000523,61026,0,1,175,69,3000000,306
263,21352959511232489,IRO3KOSZ0002,وكوثر2,شركت اعتباري  كوثر مركزي,61032,0,1,11,57,6000000000,303
264,21388492749900591,IRB5MMSH9951,مشهد995,مشاركت شهرداري مشهد-3ماهه16%,61049,0,1,65,45,2000000,301
265,21500060221654011,IRR1RKSH0101,ركيشح,ح. كارت اعتباري ايران كيش,120953,1335869,1,334,72,600000000,400
266,21524058405934926,IRR3TKMZ0101,اتكامح,ح. شركت بيمه اتكايي امين,120915,189150,1,169,66,500000000,403
267,21526096742651555,IRO9MAPN0381,ضپنا1008,اختيارخ رمپنا-7500-1398/10/18,61107,0,1,3,74,1000,311
268,21607242972640064,IRO3PGHZ0001,شغدير,پتروشيمي غدير,121053,5665216,1,1328,44,1300000000,303
269,21851863906501460,IRO3MSZ96041,تسه9604,امتياز تسهيلات مسكن تير96,115338,182,1,92,59,1293070,303
270,21975084841121789,IRO9MKBT0201,ضمخا3015,اختيارخ اخابر-3200-1398/03/29,61107,0,1,19,64,1000,311
271,22086876724551482,IRO1MOTJ0001,بموتو,موتوژن‌,120927,3340314,272160,1630,31,680400000,300
272,22087269603540841,IRO1BPST0001,وپست,پست بانك ايران,121029,18777293,1293380,1475,57,3233451000,300
273,22164355468450959,IRB4SM099991,اشاد9,مشاركت دولتي9-شرايط خاص990909,113429,53100,1,189,69,49324828,706
274,22255783119783047,IRO1DRZK0001,درازك,دارويي‌ رازك‌,121028,489521,237200,729,43,593000000,300
275,22260326095996531,IRO1HTOK0001,حتوكا,حمل‌ونقل‌توكا,121030,5012285,177368,908,60,330000000,300
276,22275596386264204,IRO3BKSZ0001,كوثر,بيمه كوثر,120726,2644889,1,527,66,2500000000,303
277,22299894048845903,IRO1GCOZ0001,غگل,گلوكوزان‌,121036,1846817,80000,1497,42,200000000,300
278,22308305646551497,IRO7TPOP0001,تپولا,مهندسي مرآت پولاد,61049,0,1,627,74,125970000,309
279,22382156782768756,IRO1KGND0001,بكام,كارخانجات توليدي شهيد قندي,120103,7068079,240000,1354,31,600000000,300
280,22390160904430441,IRB3TB219891,اخزا610,اسنادخزانه-م10بودجه96-980911,111804,1406,1,186,69,17000000,306
281,22458646190757028,IRO9IKCO0841,ضخود7020,اختيارخ خودرو-3400-1398/07/14,61106,0,1,8,34,1000,311
282,22560050433388046,IRO1PTAP0001,تاپيكو,س. نفت و گاز و پتروشيمي تأمين,121011,37889325,4228330,2044,44,81500000000,300
283,22743418594030914,IRO7GHMP0002,وقوام2,بانك قوامين,61044,0,1,7,57,8000000000,309
284,22758878712849085,IRO9MSMI0971,ضملي2022,اختيارخ فملي -3800-1398/02/25,61108,0,1,32,27,1000,311
285,22787503301679573,IRO1ROOI0001,كروي,توسعه‌ معادن‌ روي‌ ايران‌,120949,2331453,965580,1079,13,2413950000,300
286,22811176775480091,IRO1MKBT0001,اخابر,مخابرات ايران,121026,18306018,3779289,1427,64,60000000000,300
287,22839330962768817,IRT3SMIF0001,آتيمس,صندوق س.آرمان آتيه درخشان مس-س,115724,12951,1,115,68,1000000000,305
288,22903901709044823,IRO1RTIR0001,ختراك,ريخته‌گري‌ تراكتورسازي‌ ايران‌,120901,2721951,91224,888,34,213000000,300
289,22941065011246116,IRO3TBSZ0001,كپرور,فرآوري زغال سنگ پروده طبس,121029,358312,1,779,10,360000000,303
290,22950683624908253,IRO7PTOP0001,نتوس,پشم‌ بافي‌ توس,113457,84175,1,298,17,29400000,309
291,22956708386610464,IRO7KHDP0001,خودكفا,اقتصادي و خودكفايي آزادگان,115956,423499,1,681,42,500000000,309
292,23049019886587905,IRO7KHEP0001,خفولا,خدمات فني فولاد يزد,115911,1006235,1,731,74,48210000,309
293,23086515493897579,IRO1LKGH0001,ولغدر,ليزينگ‌خودروغدير,120958,4852284,345543,858,58,530000000,300
294,23214828924506640,IRO1BARZ0001,پكرمان,گروه‌ صنعتي‌ بارز,121041,4128248,1010600,1329,25,2526500000,300
295,23293437377896568,IRO1SADR0001,تاصيكو,سرمايه گذاري صدرتامين,114948,1809410,4545455,1289,13,20000000000,300
296,23353689102956991,IRO1DKSR0001,دكوثر,داروسازي‌ كوثر,120747,5329665,216000,910,43,540000000,300
297,23441366113375722,IRO1PASN0001,پارسان,گسترش نفت و گاز پارسيان,121048,7416027,2154244,1276,44,40500000000,300
298,23584330296882826,IRO9PASN0761,ضسان3020,اختيارخ پارسان-5000-1398/03/26,61109,0,1,22,44,1000,311
299,23600798892801694,IRO3CHRZ0001,قچار,فراوردههاي غذايي وقند چهارمحال,120441,486493,1,682,38,140000000,303
300,23695001747840020,IRB3TB409951,اخزا709,اسنادخزانه-م9بودجه97-990513,114617,49358,1,242,69,23000000,306
301,23764658057067224,IRO2X34T8021,جاتو802,آتي ش خودرو و قطعات-1398/02/29,114028,8,1,42,34,3500,263
302,23791232955302467,IRB3SR2499B1,سلامت4,مرابحه دولتي تعاون-لوتوس991118,61026,0,1,105,69,1000000,306
303,23837844039713715,IRO1NASI0001,كفرا,فراورده‌ هاي‌ نسوزايران‌,120914,628644,149154,866,54,372885754,300
304,23838634016123354,IRO1IAGM0001,مرقام,ايران‌ارقام‌,121051,7518564,200000,1637,72,500000000,300
305,23936607891892333,IRO1OFST0001,چافست,افست‌,120856,1210933,280000,664,22,700000000,300
306,24018878640527909,IRO3KHMZ0001,ميدكو,هلدينگ صنايع  معدني خاورميانه,121022,7628447,1,1049,27,29000000000,303
307,24079409192818584,IRO1DRKH0001,پدرخش,درخشان‌ تهران‌,115648,71346,20400,864,25,51000000,300
308,24085906177899789,IRO1TKSM0001,كترام,توليدي‌ كاشي‌ تكسرام‌,121032,10695971,123153,1265,49,294981000,300
309,24131253368329756,IRO7VITP0001,غويتا,ويتانا,115958,1433297,1,602,42,600000000,309
310,24212636157410845,IRO7ARNP0001,وآرين,شركت توسعه اقتصادي آرين,115553,5698680,1,735,56,1400000000,309
311,24254843881948059,IRO1KSKA0001,چكاوه,صنايع‌كاغذسازي‌كاوه‌,120944,4686110,141123,1013,21,250000000,300
312,24303422207378456,IRO1KLBR0001,غالبر,لبنيات‌كالبر,120848,14508392,196464,1443,42,350000000,300
313,24318660095631657,IRO9MAPN0111,ضپنا3003,اختيارخ رمپنا-3704-1398/03/12,61106,0,1,24,74,1350,311
314,24662567615903665,IRO7SNAP0001,وسنا,سرمايه گذاري نيروگاهي ايران,115958,3728861,1,894,65,2441100000,309
315,24683260749106914,IRO9PNBA0761,ضبدر2017,اختيارخ شبندر-16000-98/02/18,113720,1366,1,71,23,1000,311
316,24734871905109354,IRR1FNAR0101,خزرح,ح . فنرسازي‌زر,120855,13095864,1,294,34,300000000,400
317,24794536744903047,IRO3MSZ96091,تسه9609,امتياز تسهيلات مسكن آذر96,120839,510,1,85,59,1642215,303
318,24807173016704795,IRO7CBBP0001,سباقر,سيمان باقران,115642,2554203,1,469,53,600000000,309
319,24869832924911721,IRT3MAOF0001,آساميد,صندوق س.مشترك آسمان اميد -د,115735,7491453,1,137,68,100000000,305
320,25001509088465005,IRO1SINA0001,كساوه,صنايع‌ كاشي‌ و سراميك‌ سينا,113843,177623,211820,919,49,529550000,300
321,25167449580509543,IRB4SM1000C2,اشاد102,مشاركت دولتي10-شرايط خاص001226,110038,217,1,44,69,20000000,706
322,25180702353416009,IRO3DKHZ0001,زدشت,كشت و صنعت دشت خرم دره,121038,3426299,1,1196,1,690000000,303
323,25215182208950217,IRO3HORZ0001,وهور,مديريت انرژي اميد  تابان هور,120627,3081930,1,716,40,4000000000,303
324,25244329144808274,IRO1PKLJ0001,فارس,صنايع پتروشيمي خليج فارس,121037,20470172,2050861,1342,44,91500000000,300
325,25278317297748233,IRO9MAPN0271,ضپنا7014,اختيارخ رمپنا-7000-1398/07/17,61107,0,1,4,74,1000,311
326,25286509736208688,IRO1LAMI0001,فلامي,لاميران‌,114837,135073,29233,371,28,60000000,300
327,25336820825905643,IRO1NIKI0001,ونيكي,سرمايه‌گذاري‌ ملي‌ايران‌,121029,2933541,2800000,584,56,7000000000,300
328,25357135030606405,IRO1TNOV0001,تنوين,تامين سرمايه نوين,121031,14807255,2800000,1410,67,7000000000,300
329,25440818366564925,IRB4SM0898A2,اشاد82,مشاركت دولتي8-شرايط خاص981030,61028,0,1,17,69,2459926,706
330,25514780181345713,IRO1SAKH0001,وساخت,سرمايه‌ گذاري‌ ساختمان‌ايران‌,120817,30514851,436118,1433,70,1090296000,300
331,25631699615003698,IRO7BEGP0001,كهرام,توليدي گرانيت بهسرام,61043,0,1,307,49,75000000,309
332,26014913469567886,IRO1GDIR0001,وغدير,سرمايه‌گذاري‌غدير(هلدينگ‌,121054,91927115,5015045,1630,39,72000000000,300
333,26259366519412975,IRO3ZMMZ0001,زشگزا,شير و گوشت زاگرس شهركرد,120029,307961,1,888,1,80000000,303
334,26543014712914772,IRO3MIHZ0001,ميهن,بيمه ميهن,120845,2792572,1,770,66,1500000000,303
335,26824673819862694,IRO1BHMN0001,خبهمن,گروه‌بهمن‌,121025,56429458,4000000,1148,34,10000000000,300
336,26890571579123884,IRB3MOKZ9841,صخابر,اوراق اجاره شركت مخابرات ايران,120131,767,1,133,69,4500000,306
337,26997316501080743,IRO1SSHR0001,سشرق,سيمان‌ شرق‌,120925,52465540,1061424,1295,53,2653560000,300
338,27000326841257664,IRO1SDST0001,سدشت,صنايع سيمان دشتستان,120552,71989,472000,267,53,1180000000,300
339,27218386411183410,IRO1SDOR0001,سدور,سيمان‌ دورود,120910,23750653,256805,1369,53,641697305,300
340,27259484209117565,IRB3SR2399B1,سلامت3,مرابحه دولتي تعاون-اميد991118,61026,0,1,140,69,1500000,306
341,27299841173245405,IRO7PDRP0001,داراب,پتروشيمي داراب,115947,15798133,1,952,44,3408000000,309
342,27308217070238237,IRO1CRBN0001,شكربن,كربن‌ ايران‌,121046,1417889,100000,1247,44,250000000,300
343,27338175838625962,IRB3SS340051,شستا004,اجاره تامين اجتماعي-نوين000523,61026,0,1,139,69,2000000,306
344,27361263980884014,IRO7TVNP0001,وتعاون,بيمه  تعاون,61049,0,1,465,66,1500000000,309
345,27646919277667844,IRB4SM059891,اشاد5,مشاركت دولتي5-شرايط خاص980922,92410,19000,1,143,69,9360739,706
346,27668158733246204,IRO7PRMP0001,سپرمي,پرميت‌,61047,0,1,431,54,35200000,309
347,27750414941767212,IRO9IKCO0731,ضخود3016,اختيارخ خودرو-3000-1398/03/19,61105,0,1,27,34,1000,311
348,27814844870305607,IRO3KZGZ0001,كيميا,معدني كيمياي زنجان گستران,121049,615923,1,721,27,230400000,303
349,27922860956133067,IRO1MOBN0001,مبين,پتروشيمي مبين,121046,3805016,1129050,818,40,14252000000,300
350,27952969918967492,IRO1RKSH0001,ركيش,كارت اعتباري ايران كيش,121042,7631728,1040000,783,72,2600000000,300
351,28033133021443774,IRO1KFAN0001,خفنر,فنرسازي‌خاور,120554,502936,80000,408,34,200000000,300
352,28230238564334914,IRO7GTOP0001,قجام,فرآوردههاي غذايي وقندتربت‌جام‌,115957,8187847,1,1261,38,312000000,309
353,28253678449273505,IRO3KHZZ0001,حخزر,كشتيراني درياي خزر,114019,7893689,1,729,61,1080000000,303
354,28320293733348826,IRO1BSDR0001,وبصادر,بانك صادرات ايران,121053,220170401,21881838,3316,57,175353972000,300
355,28325731560106431,IRO1SISH0001,كساپا,سايپاشيشه‌,120752,3921633,171057,715,54,230000000,300
356,28328710198554144,IRO1BALI0001,وبوعلي,سرمايه‌گذاري‌بوعلي‌,120924,1556735,640000,571,56,1600000000,300
357,28431095903407567,IRO3KSPZ0001,كاسپين,داروسازي كاسپين تامين,115437,84163,1,384,43,150000000,303
358,28541128073053383,IRB3TB399871,اخزا708,اسنادخزانه-م8بودجه97-980723,113521,958,1,194,69,10000000,306
359,28593434160948209,IRR1SAHD0101,ثشاهدح,ح . سرمايه‌ گذاري‌ شاهد,120338,4467610,1,286,70,623342000,400
360,28672095850798501,IRO1SLMN0001,غسالم,سالمين‌,103831,119353,120000,255,42,300000000,300
361,28788598290160782,IRT3SALF0001,الماس,صندوق س.امين تدبيرگران فردا-س,113923,23510,1,67,68,1000000000,305
362,28809886765682162,IRO1HSHM0001,حفاري,حفاري شمال,120711,18143047,2084324,1284,11,5210810000,300
363,28845264556937486,IRO7POIP0001,شپلي,پلي اكريل ايران,115949,46415022,1,2361,44,3570979000,309
364,28854105556435129,IRO7CZGP0001,ثزاگرس,سرمايه گذاري توسعه عمران زاگرس,115854,144504,1,419,70,66000000,309
365,28864540805361867,IRO1FKHZ0001,فخوز,فولاد  خوزستان,121043,9373458,1106807,1122,27,19048697000,300
366,29122854902865456,IRO1KSAD0001,كسعدي,كاشي‌ سعدي‌,120618,946730,100000,731,49,250000000,300
367,29247915161590165,IRO1DLGM0001,دلقما,دارويي‌ لقمان‌,120747,632961,270000,541,43,675000000,300
368,29316948750916349,IRO7GAZP0001,پلوله,گازلوله‌,115952,4099720,1,1022,25,225000000,309
369,29512568608949554,IRB3TB349971,اخزا703,اسنادخزانه-م3بودجه97-990721,120720,58612,1,326,69,40393129,306
370,29527985620948695,IRO7KKHP0001,خكرمان,گروه اقتصادي كرمان خودرو,61046,0,1,959,34,5000000000,309
371,29747059672582491,IRO1SHZG0001,سهرمز,سيمان‌هرمزگان‌,120716,285061,216800,403,53,542000000,300
372,29758477602878557,IRO1DTIP0001,تيپيكو,سرمايه گذاري دارويي تامين,120848,1098616,1160000,738,43,2900000000,300
373,29860265627578401,IRO1BVMA0001,ما,بيمه  ما,121046,3260269,600000,622,66,1500000000,300
374,29882244560576007,IRO3ZKPZ0001,بزاگرس,نيروگاه زاگرس كوثر,121053,11779512,1,1849,40,3000000000,303
375,30222632933057667,IRO9MAPN0131,ضپنا3005,اختيارخ رمپنا-4444-1398/03/12,120318,125,1,80,74,1350,311
376,30231789123900526,IRO1MRIN0001,نمرينو,ايران‌ مرينوس‌,112044,443372,50800,481,17,127000000,300
377,30282299500988269,IRT3FKOF0001,آكورد,صندوق س. آرمان آتي كوثر-د,120954,2115902,1,130,68,1000000000,305
378,30416996452264502,IRB3TB419831,اخزا710,اسنادخزانه-م10بودجه97-980327,120725,22455,1,175,69,3314129,306
379,30443839313522574,IRO7RAHP0001,حرهشا,رهشاد سپاهان (سهامي عام,115941,333459,1,952,60,15000000,309
380,30506910505599743,IRB5RITZ9921,صايتل902,صكوك اجاره رايتل  ماهانه 21 %,121025,7904,1,215,64,2000000,301
381,30507152381699953,IRO7SJVP0001,ثجوان,تامين مسكن جوانان,61048,0,250000,218,70,2552513000,309
382,30515681553076167,IRBKSCO19831,عسپاها2,اوراق سلف سيمان سپاهان,61051,0,1,77,53,178571,308
383,30549251909821361,IRO9PASN0671,ضسان3011,اختيارخ پارسان-3600-1398/03/26,61108,0,1,19,44,1000,311
384,30650426998863332,IRO1BOTA0001,لبوتان,گروه‌صنعتي‌بوتان‌,120824,1779030,280581,1103,29,701452430,300
385,30703140537034664,IRO3GZIZ0001,كگهر,سنگ آهن گهرزمين,121029,2554965,1,1188,13,12300000000,303
386,30719054967088301,IRO1COMB0001,تكمبا,كمباين‌ سازي‌ ايران‌,121027,27495962,689211,1283,29,1723027501,300
387,30765727085936322,IRO1JAMD0001,فجام,جام‌دارو,120233,350374,58603,572,28,120000000,300
388,30829203706095076,IRO1STEH0001,ستران,سيمان‌ تهران‌,121053,111001454,700000,1946,53,1750000000,300
389,30852391633490755,IRO1OFRS0001,ثفارس,عمران‌وتوسعه‌فارس‌,121048,4814115,400000,860,70,1000000000,300
390,30893842988747035,IRO9FOLD4101,ضفلا2021,اختيارخ فولاد-3800-1398/02/31,101504,490,1,41,27,1000,311
391,30974710508383145,IRO1SHSI0001,شسينا,صنايع‌شيميايي‌سينا,120952,136173,20469,579,44,30712500,300
392,30997514993539641,IRO9PNES0781,ضشنا3021,اختيارخ شپنا-12000-1398/03/22,61110,0,1,16,23,1000,311
393,31024260997481994,IRO1GORJ0001,غگرجي,بيسكويت‌  گرجي‌,115613,315650,98000,447,42,245000000,300
394,31047372585232891,IRO9PNES0761,ضشنا3019,اختيارخ شپنا-10000-1398/03/22,61110,0,1,24,23,1000,311
395,31049085025064185,IRO7THSP0001,شتهران,داروسازي تهران شيمي,61049,0,1,113,43,445500000,309
396,31078457170311964,IRO3ISLZ0001,ولشرق,ليزينگ ايران و شرق,120536,2022505,1,710,65,600000000,303
397,31218113336481734,IRO9MAPN0171,ضپنا3009,اختيارخ رمپنا-6000-1398/03/12,61106,0,1,26,74,1000,311
398,31316784129157162,IRO7MINP0001,غصينو,صنعتي مينو,115901,1238837,1,757,42,1000000000,309
399,31791737198597563,IRO1SPKH0001,غشان,شيرپاستوريزه‌پگاه‌خراسان‌,120849,3522715,80000,659,42,200000000,300
400,31803960543259639,IRO9FKHZ0091,ضخوز2006,اختيارخ فخوز-9000-1398/02/16,95118,4,1,33,27,1000,311
401,31879190587976736,IRO1MESI0001,خوساز,محورسازان‌ايران‌خودرو,121053,10632675,447950,1598,34,1119876222,300
402,32257753560585502,IRO1KHFZ0001,كحافظ,كاشي‌ وسراميك‌ حافظ‌,120334,255553,76581,519,49,180000000,300
403,32280891788579416,IRO9FOLD4071,ضفلا2018,اختيارخ فولاد-3174-1398/02/31,61104,0,1,19,27,1733,311
404,32357363984168442,IRO1PJMZ0001,جم,پتروشيمي جم,121017,4241299,761963,686,44,13800000000,300
405,32443364508916919,IRO9IKCO0751,ضخود3018,اختيارخ خودرو-3400-1398/03/19,110211,307,1,79,34,1000,311
406,32525655729432562,IRO1SBHN0001,سبهان,سيمان‌ بهبهان‌,114234,75305,22000,505,53,55000000,300
407,32678431934327184,IRO1ALVN0001,كلوند,كاشي‌ الوند,120544,7200270,160000,981,49,400000000,300
408,32818032023177059,IRO9PASN0781,ضسان3022,اختيارخ پارسان-6000-1398/03/26,61109,0,1,20,44,1000,311
409,32821908911812078,IRO1FNAR0001,خزر,فنرسازي‌زر,121052,8419840,340832,753,34,799997068,300
410,32845891587040106,IRO1NSTH0001,ثنوسا,نوسازي‌وساختمان‌تهران‌,121046,30213266,1052000,1636,70,2630000000,300
411,32982652838367432,IRO6MELZ9741,تملي704,تسهيلات مسكن ب. ملي-تير97,61042,0,1,26,59,10105,307
412,33167086808152771,IRO9MAPN0121,ضپنا3004,اختيارخ رمپنا-4074-1398/03/12,61106,0,1,25,74,1350,311
413,33293588228706998,IRO1BPAR0001,وپارس,بانك‌پارسيان‌,121043,61434320,5443658,1892,57,23760000000,300
414,33343732576627331,IRO7BE1P0001,انرژي1,نهادهاي مالي بورس انرژي,61043,0,1,114,67,358761060,309
415,33406621820337161,IRO1DJBR0001,دجابر,داروسازي‌ جابرابن‌حيان‌,121047,502885,453600,694,43,1134000000,300
416,33420285433308219,IRO1ZPRS0001,زپارس,ملي كشت و صنعت و دامپروري پارس,120923,1006022,130136,873,1,325340000,300
417,33512084144201783,IRB3EM030171,مبين013,اجاره اعتماد مبين نوين010710,61023,0,1,96,69,1000000,306
418,33541897671561960,IRO1ATDM0001,واتي,سرمايه‌ گذاري‌ آتيه‌ دماوند,121047,34613562,1800000,1217,56,4500000000,300
419,33603212156438463,IRO1DDPK0001,دشيمي,شيمي‌ داروئي‌ داروپخش‌,121021,1290254,102000,615,43,255000000,300
420,33611155027418901,IRO3SHHZ0001,غشهداب,كشت و صنعت شهداب ناب خراسان,121040,7173430,1,1053,42,1330000000,303
421,33683240001985963,IRO3PRZZ0001,شراز,پالايش نفت شيراز,121045,1152151,1,822,23,1027548600,303
422,33736447482634583,IRO7NPMP0001,غپونه,نوش پونه مشهد,115955,1934946,1,776,42,641116000,309
423,33779713456884758,IRB4SM0798C2,اشاد72,مشاركت دولتي7-شرايط خاص981227,61028,0,1,14,69,3089457,706
424,33783140337377394,IRO1CHAR0001,خچرخش,چرخشگر,120405,6923807,380838,685,34,952094749,300
425,33808206014018431,IRO1SMAZ0001,سمازن,سيمان‌مازندران‌,120816,1681789,493200,561,53,1233000000,300
426,33887145736684266,IRT3SAGF0001,آگاس,صندوق س.هستي بخش آگاه-س,120734,7510,1,126,68,1000000000,305
427,33889280063931972,IRB4SM1000C1,اشاد10,مشاركت دولتي10-شرايط خاص001226,120706,88200,1,230,69,20000000,706
428,33931218652865616,IRO1NAFT0001,ونفت,سرمايه‌گذاري‌ صنعت‌ نفت‌,120648,15984006,660000,1398,23,1650000000,300
429,34032872653290886,IRO1LPAK0001,غپاك,لبنيات‌ پاك‌,121054,5805569,554197,1046,42,1385493596,300
430,34540569618314880,IRO3GASZ0001,قاسم,قاسم ايران,120955,3003677,1,1174,47,600000000,303
431,34557241988629814,IRO1BRKT0001,بركت,گروه دارويي بركت,121027,9026655,2320000,1026,43,5800000000,300
432,34565348191664379,IRB3SS2399C1,شستا993,اجاره ت.اجتماعي-كاردان991226,61026,0,1,159,69,5000000,306
433,34616320231808079,IRO9IKCO0931,ضخود7029,اختيارخ خودرو-5500-1398/07/14,61106,0,1,9,34,1000,311
434,34621618468546063,IRO7GSIP0001,تجار,گسترش تجارت و سرمايه ايرانيان,115959,2825061,1,862,50,600000000,309
435,34641719089573667,IRO1TMVD0001,دتماد,توليدمواداوليه‌داروپخش‌,121040,5986806,200000,1103,43,500000000,300
436,34673681828119297,IRO1SAMA0001,فاما,صنعتي‌ آما,120959,275950,360000,490,28,900000000,300
437,34688183836028336,IRO9MSMI0961,ضملي2021,اختيارخ فملي -3600-1398/02/25,111822,13,1,35,27,1000,311
438,34718633636164421,IRT1KMND0001,كمند,صندوق س. با درآمد ثابت كمند,120806,6191743,1,151,68,100000000,305
439,34721884030854211,IRO7SFSP0001,سفاسي,شركت فارسيت اهواز,115924,9167280,1,936,54,660000000,309
440,34743062472637188,IRB3SI4199C1,اجاد41,اجاره دولتي وزا.علوم-الف991224,61026,0,1,127,69,2500000,306
441,34774414473029882,IRR1SFNO0101,سفانوح,ح . سيمان فارس نو,121044,310895,1,179,53,150000000,400
442,34776415527452961,IRO6MSKZ9741,تسه9704,امتياز تسهيلات مسكن تير97,120901,438,1,77,59,1834001,307
443,34890845654517313,IRO1SADB0001,ساربيل,سيمان آرتا اردبيل,120600,50706,96000,311,53,240000000,300
444,35158826900216508,IRO1PIAZ0001,غاذر,كشت‌وصنعت‌پياذر,121015,1027643,78076,689,42,75000000,300
445,35178706978554988,IRO3NPSZ0001,شپاس,نفت پاسارگاد,120449,2883815,1,1096,23,2400000000,303
446,35188369797280638,IRO6MSKZ97B1,تسه9711,امتياز تسهيلات مسكن بهمن 97,121043,3379,1,96,59,1794645,307
447,35262522523698148,IRO1BANS0002,وانصار2,بانك انصار,61055,0,1,91,57,10000000000,300
448,35366681030756042,IRO1PNBA0001,شبندر,پالايش نفت بندرعباس,121035,7042514,681710,1918,23,13800000000,300
449,35369183060321179,IRO7IFMP0001,ومشان,س. فني و مهندسي مشانير,61045,0,100000,92,65,20000000,309
450,35424116338766901,IRO1HFRS0001,حفارس,حمل و نقل بين المللي خليج فارس,121047,49769509,1009562,2109,60,2523904000,300
451,35425587644337450,IRO1MSMI0001,فملي,ملي‌ صنايع‌ مس‌ ايران‌,121032,22460406,2526529,2193,27,78000000000,300
452,35445515321658835,IRO5MSCS0001,فماك,ماداكتو استيل كرد,61041,0,1,133,27,150000000,313
453,35496166004998206,IRO9IKCO4041,ضخود1027,اختيارخ خودرو-5500-1398/10/15,61106,0,1,7,34,1000,311
454,35557019220393916,IRB4SM099992,اشاد92,مشاركت دولتي9-شرايط خاص990909,61028,0,1,17,69,49324828,706
455,35669480110084448,IRO1SSEP0001,سپاها,سيمان‌سپاهان‌,120708,53329594,980000,1205,53,2450000000,300
456,35700344742885862,IRO1GOLG0001,كگل,معدني و صنعتي گل گهر,121054,12556818,1443835,1839,13,48000000000,300
457,35796086458096255,IRO1SSIN0001,شيران,س. صنايع‌شيميايي‌ايران,121049,38450014,1472104,1856,44,4628988000,300
458,35948133957468680,IRO3SARZ0001,سرچشمه,سرمايه گذاري مس سرچشمه,120640,7598450,1,1454,56,3400000000,303
459,35964395659427029,IRO1SHKR0001,قشكر,شكرشاهرود,121017,3019378,109818,886,38,200000000,300
460,36266011936459875,IRO9IKCO0811,ضخود3024,اختيارخ خودرو-4600-1398/03/19,61106,0,1,20,34,1000,311
461,36385738315834272,IRB6SP020031,صايپا403,صكوك اجاره سايپا403-3ماهه18%,61050,0,1,56,34,1750000,208
462,36441441729901105,IRO9MAPN0371,ضپنا1007,اختيارخ رمپنا-7000-1398/10/18,61107,0,1,3,74,1000,311
463,36592972482259020,IRT3CASF0001,آسام,صندوق س.آرمان سپهر آيندگان-م,114556,2310,1,64,68,1000000000,305
464,36609406760796639,IRB3EM020171,مبين012,اجاره اعتماد مبين تمدن010710,61023,0,1,135,69,1500000,306
465,36773155987365094,IRO3ETLZ0001,اعتلا,شركت سرمايه گذاري اعتلاء البرز,120919,2974124,1,614,56,600000000,303
466,36899214178084525,IRO1SHFA0001,شفا,سرمايه گذاري شفادارو,120502,1028867,471772,634,43,1179430000,300
467,36995197800118822,IRO7IENP0001,سنوين,سرمايه گذاري اقتصاد نوين,61045,0,1000000,74,56,1000000000,309
468,37114514127305200,IRO7TNIP0001,بنو,بيمه تجارت نو,115956,2508634,1,610,66,1570000000,309
469,37148101999680137,IRB3RS0102C1,حريل02,اجاره ريل پردازسير021212,61024,0,1,98,69,1000000,306
470,37198734218751769,IRB3TB319961,اخزا624,اسنادخزانه-م24بودجه96-990625,120842,124335,1,230,69,12753567,306
471,37204371816016200,IRO1SAND0001,وصندوق,سرمايه‌گذاري‌صندوق‌بازنشستگي‌,121043,9515620,3837299,636,39,27000000000,300
472,37272387813342140,IRO7BE2P0001,انرژي2,فعالان بورس انرژي,61043,0,1,92,67,115699500,309
473,37281199178613855,IRO1CIDC0001,سيدكو,سرمايه گذاري توسعه صنايع سيمان,121030,4470420,1920000,538,53,4800000000,300
474,37356174478159372,IRO9PASN0701,ضسان3014,اختيارخ پارسان-4200-1398/03/26,61108,0,1,37,44,1000,311
475,37389789764168256,IRO3TORZ0001,توريل,توکاريل,121046,4944636,1,1336,60,2000000000,303
476,37614886280396031,IRO1SSAP0001,وساپا,سرمايه‌گذاري‌ سايپا,121047,72488211,4270000,1713,56,10675000000,300
477,37631109616997982,IRO1GHND0001,قشهد,شهد,121022,1261708,160000,1113,38,400000000,300
478,37635105094007197,IRBKAZBT9851,عذوب3,اوراق سلف تيرآهن 14,61050,0,1,74,27,817694,308
479,37958857929299636,IRB3EM0501A1,مبين015,اجاره اعتماد مبين تمدن011019,61023,0,1,84,69,1000000,306
480,37998178264888078,IRO3MSZ96071,تسه9607,امتياز تسهيلات مسكن مهر96,120513,602,1,84,59,1534727,303
481,38066740861554557,IRO6MSKZ9761,تسه9706,امتياز تسهيلات مسكن شهريور97,120856,828,1,83,59,1870167,307
482,38084304113529336,IRO3DZLZ0001,خديزل,بهمن  ديزل,115435,3386760,1,735,34,1000000000,303
483,38166945723865485,IRO6MSKZ9781,تسه9708,امتياز تسهيلات مسكن آبان97,121030,1856,1,74,59,1978207,307
484,38179358042686391,IRO7BSAP0001,سامان,بانك سامان,115946,16198854,1,1277,57,8000000000,309
485,38188825207508209,IRR1ALBZ0101,والبرح,ح . سرمايه گذاري‌البرز(هلدينگ‌,120957,5640117,1,143,43,1100000000,400
486,38343188026256184,IRO9MSMI0951,ضملي2020,اختيارخ فملي -3400-1398/02/25,61108,0,1,30,27,1000,311
487,38437201078089290,IRO1PKER0001,كرماشا,صنايع پتروشيمي كرمانشاه,121034,2573127,1304461,1018,44,3529200000,300
488,38547060135156069,IRO1AZAB0001,فاذر,صنايع‌ آذرآب‌,121049,23748072,400000,1477,28,1000000000,300
489,38568786927478796,IRO1PSHZ0001,شيراز,پتروشيمي‌شيراز,121020,8216782,1255808,1163,44,5100000000,300
490,38621385959750384,IRO9BMLT0111,ضملت2009,اختيارخ وبملت-3400-1398/02/22,61103,0,1,20,57,1000,311
491,38738476064699383,IRO7ARMP0001,آرمان,بيمه آرمان,61043,0,1,419,66,1500000000,309
492,39011894307059362,IRO3BHKZ0002,حكمت2,بانك حكمت  ايرانيان,61030,0,1,6,57,6000000000,303
493,39116664428676213,IRO1LEAB0001,شلعاب,لعابيران‌,120742,2975498,132135,828,44,160000000,300
494,39171819040364290,IRO7BE3P0001,انرژي3,ساير اشخاص بورس انرژي,115953,1677075,1,1508,67,125539440,309
495,39436183727126211,IRO1NMOH0001,خمحركه,نيرو محركه‌,120506,6315905,408240,674,34,1020600000,300
496,39453972158399542,IRT1SSPF0001,سپاس,صندوق س. پاداش سهامداري توسعه1,120748,9612,1,64,68,100000000,305
497,39481233087768672,IRO7NIRP0001,نيرو,نيرو سرمايه,115611,757664,1,751,31,64831141,309
498,39483879601780214,IRO9PNBA0731,ضبدر2014,اختيارخ شبندر-13000-98/02/18,100015,280,1,47,23,1000,311
499,39604494485558197,IRO6MSKZ9721,تسه9702,امتياز تسهيلات مسكن ارديبهشت97,120824,580,1,83,59,1905047,307
500,39721109617818727,IRB6GO0100B1,صگل411,ص اجاره گل گهر 411- 3 ماهه 17%,120055,7,1,94,13,1000000,208
501,39751275523025334,IRO3ETKZ0001,اتكاي,بيمه اتكايي ايرانيان,121045,4517638,1,898,66,2500000000,303
502,39801771451196931,IRB3JPAZ9921,جوپار99,اوراق اجاره جوپار 990212,113311,304,1,160,69,518500,306
503,39807886630843041,IRO3BMAZ0001,بمپنا,توليد برق عسلويه  مپنا,120944,214760,1,647,40,728000000,303
504,40025799067544201,IRO7SHEP0001,شرنگي,شيميايي رنگين,114912,1034453,1,499,44,47000000,309
505,40043919653526083,IRO7CKHP0001,وثخوز,سرمايه گذاري و توسعه خوزستان,115457,95599,1,284,70,70000000,309
506,40149463639215650,IRB3TB309951,اخزا623,اسنادخزانه-م23بودجه96-990528,120850,18123,1,213,69,15246433,306
507,40262275031537922,IRO1ROZD0001,دروز,داروسازي‌ روزدارو,120322,966405,279936,540,43,699840000,300
508,40346507120206669,IRO3MSZ96051,تسه9605,امتياز تسهيلات مسكن مرداد 96,120128,665,1,58,59,1351791,303
509,40411537531154482,IRO1GESF0001,قصفها,قنداصفهان‌,120503,663849,78000,682,38,195000000,300
510,40505767672724777,IRO1INFO0001,رانفور,خدمات‌انفورماتيك‌,120854,5657899,845952,1168,72,8400000000,300
511,40601326015230157,IRB6MES10121,صخابر102,صكوك اجاره مخابرات-3 ماهه 16%,61050,0,1,102,64,8000000,208
512,40611478183231802,IRO1DODE0001,شدوص,دوده‌ صنعتي‌ پارس‌,120945,6595707,189809,1179,44,474522000,300
513,40807882194189019,IRO9PASN0661,ضسان3010,اختيارخ پارسان-3400-1398/03/26,61108,0,1,23,44,1000,311
514,40808043719554948,IRO1FAIR0001,فولاژ,فولاد آلياژي ايران,120843,7673909,2200000,968,27,5500000000,300
515,41036181221659834,IRO3KOSZ0001,وكوثر,شركت اعتباري  كوثر مركزي,61032,0,1,296,57,6000000000,303
516,41048299027409941,IRO1EPRS0001,رتاپ,تجارت الكترونيك  پارسيان,121019,11977632,1457363,994,72,3643408000,300
517,41163559650929921,IRO9IKCO0771,ضخود3020,اختيارخ خودرو-3800-1398/03/19,61106,0,1,22,34,1000,311
518,41227201752535311,IRO1SFRS0001,سفار,سيمان‌فارس‌,101552,1,93200,375,53,233000000,300
519,41284516796232939,IRO1SHGN0001,سهگمت,سيمان‌هگمتان‌,120952,3121581,201160,999,53,502900000,300
520,41302553376174581,IRO1FAJR0001,فجر,فولاد اميركبيركاشان,120523,109017,343200,343,27,858000000,300
521,41309167317349268,IRB6SEKF00C1,صفارس412,صكوك اجاره خليج فارس- 3ماهه16%,61050,0,1,36,44,10000000,208
522,41379697187196382,IRO7BSHP0001,وشهر,بانك شهر,61043,0,1,745,57,15572840674,309
523,41625340598198551,IRO3BSMZ0001,بساما,بيمه سامان,121019,5414652,1,1096,66,1500000000,303
524,41639043152789418,IRO9IKCO0781,ضخود3021,اختيارخ خودرو-4000-1398/03/19,61106,0,1,24,34,1000,311
525,41781090739318251,IRO3TLIZ0001,تليسه,دامداري تليسه نمونه,115844,190607,1,736,1,210000000,303
526,41796741644273824,IRO1GMEL0001,وملي,گروه‌ صنعتي‌ ملي‌ (هلدينگ‌,100539,434,98944,233,19,247360140,300
527,41935584690956944,IRO1TAIR0001,پتاير,ايران‌ تاير,120601,1652393,114588,1050,25,286468818,300
528,41974758296041288,IRO1KHOC0001,سخوز,سيمان خوزستان,120925,2392501,260000,871,53,650000000,300
529,42022764536820665,IRB5SMOS99B1,مشير9911,مشاركت شهرداري شيراز-3ماهه16%,61049,0,1,56,45,4000000,301
530,42049553761321495,IRO7VARP0001,كورز,ورزيران‌,61049,0,100000,45,54,20000000,309
531,42075223783409640,IRO1AZIN0001,خاذين,سايپاآذين‌,121046,14294236,529139,1415,34,1322846423,300
532,42354736493447489,IRO1PKOD0001,خپارس,پارس‌ خودرو,121053,167266329,9088112,3252,34,22720279000,300
533,42387718866026650,IRO1SBEH0001,غبشهر,صنعتي‌ بهشهر,113824,15699442,1200000,1092,42,3000000000,300
534,42450147658559909,IRB3TB379861,اخزا707,اسنادخزانه-م7بودجه97-980627,115941,45483,1,246,69,30000000,306
535,42466930565848459,IRO9GOLG0861,ضگل2019,اختيارخ كگل-7041-1398/02/29,61105,0,1,16,13,1278,311
536,42690477960659940,IRO3KSGZ0001,كشرق,صنعتي و معدني شمال شرق شاهرود,120253,315690,1,532,10,84000000,303
537,42696242981550091,IRO7KSDP0001,كصدف,كاشي صدف سرام استقلال آباده,61046,0,1,216,49,120000000,309
538,43023243844297350,IRO7NEOP0001,چنوپا,نيوپان‌ 22 بهمن‌,61046,0,100000,98,20,20000000,309
539,43026118635839182,IRO7SOLP0001,فسلير,سوليران‌,114719,346847,1,372,28,100000000,309
540,43039599691270215,IRB3HI010171,حكمت01,مشاركت حكمت ايرانيان 140107,61023,0,1,94,69,200000,306
541,43062880954780884,IRO1PIRN0001,تپمپي,پمپ‌ سازي‌ ايران‌,120702,3399725,188000,602,29,470000000,300
542,43256212620530446,IRO1BAFG0001,كبافق,معادن‌ بافق‌,120456,444598,81000,996,13,202500000,300
543,43283802997035462,IRO3SOBZ0001,وسبحان,سرمايه گذاري سبحان,120757,9064871,1,1223,56,1300000000,303
544,43291783149314349,IRO7SRMP0001,وسرمد,بيمه  سرمد,115930,1189698,1,481,66,1500000000,309
545,43342306308122676,IRO1GMRO0001,قمرو,قند مرودشت‌,120923,348560,80000,493,38,200000000,300
546,43356599956782034,IRR1CHML0101,كچادح,ح . معدني‌وصنعتي‌چادرملو,120907,4002121,1,420,13,10500000000,400
547,43362635835198978,IRO1HWEB0001,هاي وب,داده گسترعصرنوين-هاي وب,121050,14341865,1,2326,73,4000000000,300
548,43374709930371268,IRO7DHVP0001,دحاوي,الحاوي,61044,0,1,245,43,360000000,309
549,43449079769926386,IRO9MKBT0291,ضمخا7011,اختيارخ اخابر-3000-1398/07/10,61108,0,1,9,64,1000,311
550,43501939807689060,IRO9MAPN0151,ضپنا3007,اختيارخ رمپنا-5185-1398/03/12,113635,204,1,53,74,1350,311
551,43552974795606067,IRO1KRSN0001,خراسان,پتروشيمي خراسان,120640,219851,651126,490,44,1789912000,300
552,43588544194911344,IRR1KIMI0101,دكيميح,ح . كيميدارو,61120,0,1,82,43,336000000,400
553,43618637931037525,IRO9GOLG0871,ضگل2020,اختيارخ كگل-7433-1398/02/29,61105,0,1,32,13,1278,311
554,43622578471330344,IRO1DSOB0001,دسبحا,گروه دارويي سبحان,121008,1388771,1094000,882,43,2735000000,300
555,43716452378323683,IRO3KZIZ0001,فزرين,زرين معدن آسيا,121048,3335223,1,833,27,500000000,303
556,43749359039031456,IRB3SN010121,صبا1401,اجاره مهندسي صبا نفت14010225,61026,0,1,85,69,920000,306
557,43781018754867729,IRO1SHFS0001,شفارس,صنايع‌ شيميايي‌ فارس‌,121048,3053436,251843,947,44,629607000,300
558,43801363961831435,IRB3EM0601A1,مبين016,اجاره اعتماد مبين اميد011019,61023,0,1,119,69,1000000,306
559,43913530989262989,IRO7IBKZ0001,سمايه,بانك سرمايه,115821,1524455,1,392,57,4000000000,309
560,43951910415124966,IRO3IRNZ0001,وگستر,گسترش سرمايه گذاري ايرانيان,120913,5344916,1,910,56,400000000,303
561,43966385447049549,IRO3BMDZ0001,ودي,بيمه  دي,121046,23774768,1,858,66,2500000000,303
562,44052047028305231,IRO7SHIP0001,پشاهن,توليدي پلاستيك‌ شاهين,61048,0,1,63,25,60292960,309
563,44153164692325703,IRO1GTSH0001,شگل,گلتاش‌,120718,2028478,400000,816,44,1000000000,300
564,44296315953738727,IRO7FAHP0001,فاهواز,نورد و لوله اهواز,61044,0,1,1206,27,5649000000,309
565,44549439964296944,IRO1KALA0001,كالا,بورس كالاي ايران,121054,4419681,496000,1080,67,1240000000,300
566,44606480599517564,IRO9FKHZ0111,ضخوز2008,اختيارخ فخوز-10000-1398/02/16,111714,158,1,34,27,1000,311
567,44665761767777759,IRO7TRKP0001,گكيش,توريستي ورفاهي آبادگران كيش,115748,297613,1,369,55,64000000,309
568,44802346787824971,IRO7SRJP0001,ساروج,بين المللي ساروج بوشهر,115854,670050,1,450,53,900000000,309
569,44850033148208596,IRO1CHCH0001,غچين,كشت‌ و صنعت‌ چين‌ چين,115936,43596,40000,182,42,100000000,300
570,44891482026867833,IRO1SIPA0001,خساپا,سايپا,121054,336339474,7886435,3134,34,39266675000,300
571,44967158778304588,IRO1GSBE0001,قثابت,قند ثابت‌ خراسان‌,121049,20990444,204000,1041,38,510000000,300
572,44986797317463049,IRO7SNOP0001,وثنو,سرمايه گذاري ساختماني نوين,115957,9937322,1,1169,65,300000000,309
573,45050389997905274,IRO1VSIN0001,وسينا,بانك سينا,121017,98023874,4000000,1250,57,10000000000,300
574,45066064863062755,IRO7NZMP0001,ثنظام,س. ساختماني نظام مهندسي ايران,115957,2056134,1,685,70,74530360,309
575,45174198424472334,IRO1RSAP0001,ولساپا,ليزينگ رايان‌ سايپا,121046,137387542,3616000,1853,58,9040000000,300
576,45205530868811305,IRT3SGAF0001,صايند,صندوق س. گنجينه آينده روشن-د,111029,17200,1,114,68,50000000,305
577,45452485689363029,IRO7MLIP0001,بخاور,بيمه زندگي خاورميانه(50%تأديه),115010,1548763,1,369,66,1200000000,309
578,45518744711972166,IRO3GHPZ0001,غپآذر,شير پگاه آذربايجان شرقي,120951,526587,1,440,42,200000000,303
579,45608932669358493,IRO7ITLP0001,كايتا,ايتالران‌,61045,0,1,234,54,15000000,309
580,45641540066710190,IRO7KMOP0001,لكما,كارخانجات‌مخابراتي‌ايران‌,115959,88707297,1,1824,32,3235362000,309
581,45728383369147894,IRT1FAYF0001,امين يكم,صندوق درآمد ثابت امين يكم فردا,121027,15370901,1,379,68,100000000,305
582,45895339414786358,IRO1RINM0001,خرينگ,رينگ‌سازي‌مشهد,120130,4369982,200642,749,34,445000000,300
583,45991797190214892,IRO7AFRP0001,وآفر,سرمايه گذاري ارزش آفرينان,61043,0,250000,45,65,300000000,309
584,46178280540110577,IRO1BFJR0001,بفجر,پتروشيمي فجر,113829,38658610,1117069,1103,40,6500000000,300
585,46270513972980340,IRR1TGOS0101,وتوسح,ح . توسعه‌شهري‌توس‌گستر,115511,1799223,1,303,70,700000000,400
586,46348559193224090,IRO1FOLD0001,فولاد,فولاد مباركه اصفهان,121050,56373335,2505010,2741,27,130000000000,300
587,46428732946520536,IRB3TB459871,اخزا714,اسنادخزانه-م14بودجه97-980722,120154,83299,1,195,69,6030400,306
588,46435139220938109,IRB3BK0199C1,كرانه99,مرابحه بنا گستر كرانه991222,61023,0,1,87,69,500000,306
589,46741025610365786,IRO3IMFZ0001,سمگا,گروه سرمايه گذاري ميراث فرهنگي,121047,30158661,1,2604,55,3000000000,303
590,46752599569017089,IRO1TRNS0001,بترانس,ايران‌ ترانسفو,121006,9943519,1500000,1797,31,3750000000,300
591,46772701938567445,IRO3TKMZ0001,اتكام,شركت بيمه اتكايي امين,120820,513946,1,467,66,3000000000,303
592,46830341954511303,IRO7AYNP0001,وآيند,بانك  آينده,114203,833205,1,316,57,16000000000,309
593,46982154647719707,IRO1GBEH0001,وصنا,گروه‌صنايع‌بهشهرايران‌,120311,675918,720000,527,56,1800000000,300
594,47096918704798209,IRO9MKBT0281,ضمخا7010,اختيارخ اخابر-2800-1398/07/10,61107,0,1,7,64,1000,311
595,47232550823972469,IRO1TOKA0001,وتوكا,سرمايه‌گذاري‌توكافولاد(هلدينگ,120932,13016110,1040000,1329,27,2600000000,300
596,47245955682789926,IRO3MSZ96021,تسه9602,امتياز تسهيلات مسکن ارديبهشت96,114420,941,1,149,59,1308807,303
597,47287206904665499,IRO9IKCO4031,ضخود1026,اختيارخ خودرو-5000-1398/10/15,61106,0,1,4,34,1000,311
598,47302318535715632,IRO1NOVN0001,ونوين,بانك‌اقتصادنوين‌,114515,77622257,3533569,1156,57,13131000000,300
599,47333458678352378,IRO1BKHZ0001,وخاور,بانك خاورميانه,120827,411293,2800000,546,57,7000000000,300
600,47348197320716810,IRO3DSNZ0001,دسانكو,داروسازي سبحان انكولوژي,121009,2729532,1,800,43,861000000,303
601,47377315952751604,IRO1SWIC0001,بسويچ,پارس‌سويچ‌,120735,158834,240000,700,31,600000000,300
602,47551599385266350,IRO2X57T8021,جبانك802,آتي ش بانك ها-1398/02/21,61103,0,1,36,57,90000,263
603,47562637469816020,IRO9MSMI0981,ضملي2023,اختيارخ فملي -4000-1398/02/25,103210,370,1,50,27,1000,311
604,47702059190622416,IRO7CTSP0001,ثتوسا,س.توسعه و عمران استان اردبيل,115947,1901765,1,960,70,96000000,309
605,47749661205825616,IRO1SYSM0001,سيستم,همكاران سيستم,115657,192580,504000,309,72,1260000000,300
606,47841327496247362,IRO1IDOC0001,واعتبار,سرمايه گذاري اعتبار ايران,120349,57508,320000,246,56,800000000,300
607,47946068877277975,IRO9PNBA0751,ضبدر2016,اختيارخ شبندر-15000-98/02/18,120925,325,1,79,23,1000,311
608,47996917271187218,IRO1KRAF0001,وكار,بانك‌ كارآفرين‌,120701,819505,3400000,572,57,8500000000,300
609,48010225447410247,IRO1BANK0001,وبانك,سرمايه گذاري گروه توسعه ملي,121044,8360029,2841716,1097,39,16250000000,300
610,48043180063638654,IRO6MELZ9791,تملي709,تسهيلات مسكن ب. ملي-آذر97,61042,0,1,25,59,14716,307
611,48102697378515196,IRB6SP0501C1,صايپا412,صكوك مرابحه سايپا412-3ماهه 16%,61050,0,1,26,34,1000000,208
612,48287670503317419,IRO3BHLZ0001,ولبهمن,شركت بهمن ليزينگ,120956,6516596,1,584,58,800000000,303
613,48338606859106961,IRO3MSZ96121,تسه9612,امتياز تسهيلات مسكن اسفند96,121017,777,1,87,59,2168489,303
614,48367861815356944,IRO9MAPN0161,ضپنا3008,اختيارخ رمپنا-5556-1398/03/12,113658,265,1,72,74,1350,311
615,48456605452591386,IRB3SI2299B1,اجاد22,اجاره دولتي آپرورش-لوتوس991118,61025,0,1,155,69,5000000,306
616,48467400383613846,IRO9PNBA0771,ضبدر2018,اختيارخ شبندر-17000-98/02/18,61109,0,1,21,23,1000,311
617,48511238766369097,IRO1BDAN0001,دانا,بيمه دانا,120943,14465282,600000,1101,66,1500000000,300
618,48619517949257749,IRO1NOSH0001,غنوش,نوش‌ مازندران‌,61059,0,150105,155,42,50000000,300
619,48623320733330408,IRO1LMIR0001,فلوله,لوله‌وماشين‌سازي‌ايران‌,120702,23612390,200000,1746,27,500000000,300
620,48708554605579906,IRO9IKCO4021,ضخود1025,اختيارخ خودرو-4800-1398/10/15,61106,0,1,4,34,1000,311
621,48731351079431981,IRB3SR2599B1,سلامت5,مرابحه دولتي تعاون-نوين991118,61026,0,1,134,69,1000000,306
622,48753732042176709,IRO1PNTB0001,شبريز,پالايش نفت تبريز,120939,1900400,510803,1034,23,3884211000,300
623,48762046694019828,IRB6IK0500C1,صخود1412,ص مرابحه خودرو1412- 3ماهه 18%,61050,0,1,77,34,1000000,208
624,48847165181446944,IRO9IKCO0741,ضخود3017,اختيارخ خودرو-3200-1398/03/19,105913,12,1,120,34,1000,311
625,48990026850202503,IRO1GOST0001,خگستر,گسترش‌سرمايه‌گذاري‌ايران‌خودرو,120957,9925876,960000,1621,34,2400000000,300
626,49040900499589053,IRB4SI0399B1,اجاد3,اجاره دولت-واجدشرايط خاص991118,61028,0,1,108,69,20000000,706
627,49054891736433700,IRO1ABDI0001,دعبيد,لابراتوارداروسازي‌  دكترعبيدي‌,121054,525206,281088,1309,43,1680000000,300
628,49129081625829210,IRO7KPAP0001,نشار,كارخانجات پشمبافي افشار يزد,61046,0,100000,64,17,4000000,309
629,49244604018250364,IRO7TJMP0001,شجم,صنايع پتروشيمي تخت جمشيد,115946,2804145,1,779,44,4500000000,309
630,49353447565507376,IRO1NSAZ0001,كاذر,فرآورده‌هاي‌نسوزآذر,121044,22192890,180000,1396,54,450000000,300
631,49396161442874149,IRO7GHMP0001,وقوام,بانك قوامين,61044,0,1,516,57,8000000000,309
632,49399017998386087,IRO7BIRP0001,فبيرا,بسته‌ بندي‌ ايران‌,115959,33660536,1,1427,28,1772731750,309
633,49502666250908008,IRO1OFOG0001,افق,فروشگاههاي زنجيره اي افق كوروش,121051,1494142,324707,1355,47,1000000000,300
634,49507346707445426,IRB3SI2699B1,اجاد26,اجاره دولتي آپرورش-اميد991118,61025,0,1,136,69,1500000,306
635,49627523909849331,IRO7KFRP0001,كفرآور,فرآورده هاي سيمان شرق,115940,1503533,1,730,54,180000000,309
636,49672819278115952,IRO7VMHP0002,ومهر2,بانك مهر اقتصاد,61049,0,1,3,57,12000000000,309
637,49674915481184052,IRO7PJHP0001,جهرم,پتروشيمي جهرم,115916,17858273,1,1175,44,3313000000,309
638,49850448044174705,IRBKMRK29891,عمرغ2,اوراق سلف مرغ منجمد بهپرور,61051,0,1,90,1,206733,308
639,49869693814643443,IRO1BKLA0001,اكالا,كارگزاران بورس كالاي ايران,120459,0,496000,115,67,1240000000,300
640,49953653111442595,IRO7KSNP0001,كيسون,شركت كيسون,115958,102822224,1,1483,70,5040000000,309
641,50002340308486819,IRO3KPEZ0001,تاپكيش,تجارت الكترونيك پارسيان كيش,121001,3527189,1,1565,72,400000000,303
642,50100062518826135,IRO1AMIN0001,دامين,داروسازي‌ امين‌,120949,1117636,331760,1016,43,829400000,300
643,50185721305191887,IRO1RADI0001,ختور,رادياتور ايران‌,120705,5642849,143184,1038,34,300000000,300
644,50235687797910703,IRB3SR2299B1,سلامت2,مرابحه دولت تعاون-كاردان991118,61026,0,1,141,69,3000000,306
645,50341528161302545,IRO1MNGZ0001,كمنگنز,معادن‌منگنزايران‌,120957,1603172,80960,1015,13,202400000,300
646,50368344235826302,IRO7AZMP0001,لازما,كارخانه هاي صنعتي آزمايش,115850,7323578,1,1132,29,217500000,309
647,50633804639547462,IRO3MRJZ0001,كمرجان,بازرگاني و توليدي مرجان كار,120932,482770,1,687,54,40000000,303
648,50652985928800943,IRO7KIVP0001,غيوان,كيوان,61046,0,1,184,42,16500000,309
649,50792786683910016,IRO3KRMZ0001,كرمان,س. توسعه و عمران استان كرمان,121053,10890068,1,1861,70,600300000,303
650,50901262974265397,IRB3TB169881,اخزا604,اسنادخزانه-م4بودجه96-980820,115836,40650,1,283,69,19000000,306
651,50938045692990664,IRB4SM0898A1,اشاد8,مشاركت دولتي8-شرايط خاص981030,61028,0,1,139,69,2459926,706
652,51106317433079213,IRO1ASIA0001,آسيا,بيمه آسيا,120951,3599021,920000,710,66,2300000000,300
653,51294484197536070,IRO7SPRP0001,غشوكو,شوكو پارس,115950,870921,1,500,42,36500000,309
654,51443230896454947,IRB3SA0200B1,اروند02,منفعت صبا اروند امين14001113,61025,0,1,94,69,500000,306
655,51459202425114449,IRO7TABP0001,تابا,تابان نيرو سپاهان,115811,1862764,1,707,74,62000000,309
656,51617145873056483,IRO1PTEH0001,شتران,پالايش نفت تهران,121053,16823524,1422071,1489,23,24000000000,300
657,51640646576102564,IRO2X13T8021,جكانه802,آتي ش كانه هاي فلزي-1398/02/18,61103,0,1,32,13,1200,263
658,51902567176377700,IRO9IKCO0711,ضخود3014,اختيارخ خودرو-2600-1398/03/19,61105,0,1,19,34,1000,311
659,51971068201094874,IRO3BIPZ0001,بپاس,بيمه پاسارگاد,120114,605387,1,556,66,3402000000,303
660,52220424531578944,IRO1SGRB0001,سغرب,سيمان‌غرب‌,120307,754090,200000,550,53,500000000,300
661,52232388263291380,IRO1OIMC0001,واميد,گروه مديريت سرمايه گذاري اميد,121044,5408277,1929757,646,39,30000000000,300
662,52358968694997869,IRO2X34T8061,جاتو806,آتي ش خودرو و قطعات-1398/06/27,61103,0,1,48,34,3500,263
663,52365266148848270,IRB6IK0600C1,صخود412,ص مرابحه خودرو412- 3ماهه 18%,61050,0,1,89,34,2500000,208
664,52429011323008746,IRO9MSMI0931,ضملي2018,اختيارخ فملي -3000-1398/02/25,93612,1,1,45,27,1000,311
665,52455922800537930,IRO7NARP0001,تكنار,مجتمع معادن مس تكنار,61046,0,1,413,13,60000000,309
666,52493537624003857,IRBKEPSO9821,عنتخاب,اوراق سلف پلي استايرن انتخاب,61051,0,1,75,44,14687500,308
667,52524682936687613,IRB3EM010171,مبين011,اجاره اعتماد مبين لوتوس010710,120746,3050,1,144,69,2500000,306
668,52593789542874668,IRO7PLSP0001,پلاست,كارخانجات توليدي پلاستيران,61047,0,1,371,25,57600000,309
669,52792903131341205,IRO3AFRZ0001,افرا,افرانت,120548,1059617,1,574,72,625000000,303
670,52926262870725809,IRB3TB2598A1,اخزا613,اسنادخزانه-م13بودجه96-981016,120902,606,1,219,69,17625970,306
671,52975109254504632,IRO1MRGN0001,غمارگ,مارگارين‌,120125,9132119,336000,1218,42,840000000,300
672,53113471126689455,IRO1KRTI0001,چكارن,كارتن‌ ايران‌,121047,2694192,72900,1372,21,182250000,300
673,53204330224889981,IRO3TIGZ0001,تبرك,گروه كارخانجات صنعتي تبرك,121052,7039360,1,1247,42,2231504203,303
674,53251602435454519,IRT1FKNF0001,كيان,صندوق س. با درآمد ثابت كيان,120907,13085169,1,172,68,100000000,305
675,53350069573438421,IRO2X44T8021,جشيمي802,آتي ش شيميايي-1398/02/25,61103,0,1,29,44,6000,263
676,53449700212786324,IRO3PMRZ0001,مارون,پتروشيمي مارون,120851,150430,1,678,44,8000000000,303
677,53536131398384570,IRR1SSNR0101,سنيرح,ح . سيمان‌ سفيدني‌ريز,115701,63860,1,227,53,50000000,400
678,53647874954005806,IRO7VHSP0001,واحصا,احياء صنايع خراسان,115957,211113,1,572,65,105600000,309
679,53686258677793038,IRO7ARSP0001,وارس,سرمايه گذاري ارس صبا,115710,309076,1,539,65,100000000,309
680,53892173815383358,IRO6MELZ9721,تملي702,تسهيلات مسكن ب. ملي-ارديبهشت97,61042,0,1,28,59,7042,307
681,53999651992586159,IRO3MPRZ0001,ثپرديس,سرمايه گذاري مسكن پرديس,121023,25462731,1,1161,70,1400000000,303
682,54263829393913132,IRO7MIGP0001,كمينا,شيشه سازي مينا,61046,0,1,141,54,358000000,309
683,54277068923045214,IRO1SORB0001,فسرب,ملي‌ سرب‌وروي‌ ايران‌,120524,2785695,128800,884,27,322000000,300
684,54299437423394846,IRR1DSIN0101,دسيناح,ح . داروسازي‌ سينا,120352,92761,1,117,43,400000000,400
685,54369290104873523,IRO7KTAP0001,بتك,كارخانجات كابل سازي‌ تك‌,61046,0,1,113,31,9000063,309
686,54419429862704331,IRO1FRIS0001,فروس,فروسيليس‌ ايران‌,120629,1537093,349796,1132,27,874491000,300
687,54482686501491508,IRO3BAHZ0001,زبينا,كشاورزي و دامپروري بينالود,121006,2534467,1,787,1,400000000,303
688,54497068842409411,IROFIKCO0881,طخود7024,اختيارف خودرو-4200-1398/07/14,61112,0,1,7,34,1000,312
689,54659197426183489,IRO9PASN0731,ضسان3017,اختيارخ پارسان-4800-1398/03/26,61109,0,1,32,44,1000,311
690,54676885047867737,IRO1TSHE0001,وتوشه,سرمايه‌ گذاري‌ پارس‌ توشه‌,120931,1671637,600000,743,29,1500000000,300
691,54742724293954887,IRO9PNES0721,ضشنا3015,اختيارخ شپنا-8000-1398/03/22,61110,0,1,20,23,1000,311
692,54882843915599119,IRB3SA0700B1,اروند07,منفعت صبا اروند نوين 14001113,61025,0,1,102,69,500000,306
693,54995459397811265,IRB6GO0200B1,صگل1411,ص اجاره گل گهر 1411-3 ماهه 17%,61049,0,1,79,13,2000000,208
694,55201604487356053,IRO7FANP0001,فن آوا,گروه فن آوا,115618,810475,1,418,72,880000000,309
695,55254206302462116,IRO1APPE0001,آپ,آسان پرداخت پرشين,121054,5896803,1,926,72,2650000000,300
696,55682110649312922,IRO9FOLD4051,ضفلا2016,اختيارخ فولاد-2770-1398/02/31,61104,0,1,17,27,1733,311
697,55848849021200650,IRO3MSZ96111,تسه9611,امتياز تسهيلات مسكن بهمن96,120140,559,1,78,59,1781564,303
698,55897939403232751,IRO1SRMA0001,لسرما,سرما آفرين‌,121051,3652587,143761,899,29,218000000,300
699,55959112038778737,IRO7SEKP0001,سخواف,سيمان مجد خواف,115952,5711580,1,902,53,530282764,309
700,55963441389800122,IRB3TB440051,اخزا713,اسنادخزانه-م13بودجه97-000518,121037,14496,1,286,69,17663263,306
701,55979741213594029,IRO7KBDP0001,كباده,توليد خاك نسوزاستقلال آباده,61045,0,146130,74,54,73064900,309
702,56006915451245411,IRO7LKPP0001,لخانه,لوازم‌ خانگي‌ پارس‌,115922,222824,1,363,29,448100000,309
703,56033738624803469,IRB3SI0198C1,اجاد1,اجاره دولت مرحله يك1394-981226,61025,0,1,128,69,5000000,306
704,56145742675970841,IRK1A0309881,زعف9808پ06,زعفران9808پوشالمعمولي زرين(پ),121042,1052,1,235,42,1000000,701
705,56186251387204588,IRS4MKBT9861,هخابر806,اختيارف ت اخابر-2341- 98/06/05,61124,0,1,38,64,1400000000,600
706,56324206651661881,IRO1NGFO0001,فنورد,نوردوقطعات‌ فولادي‌,115824,77733,57600,363,27,144000000,300
707,56370979287226064,IRO9PNBA0691,ضبدر2010,اختيارخ شبندر-9500-98/02/18,61109,0,1,19,23,1000,311
708,56429431740318486,IRO7SHLP0001,شلرد,كود شيميايي اوره لردگان,115957,24405846,1,1777,44,9000000000,309
709,56550776668133562,IRO1DFRB0001,دفارا,داروسازي‌ فارابي‌,120653,953426,160000,834,43,400000000,300
710,56574323121551263,IRO7PKBP0001,شكبير,پتروشيمي اميركبير,61047,0,1,352,44,3600000000,309
711,56591881518499520,IRO7VSNP0001,وسين,بيمه سينا,115927,6717401,1,775,66,1500000000,309
712,56717416662584054,IRO7TKDP0001,وكادو,تكادو,115924,1949686,1,852,56,797280000,309
713,56745608398627462,IRO2XS308061,جسي806,آتي ش 30 شركت بزرگ-1398/06/31,61103,0,1,38,64,8000,263
714,56820995669577571,IRO1GLOR0001,قلرست,قند لرستان‌,120801,1460318,160000,834,38,400000000,300
715,56844557131314346,IRO9MAPN0141,ضپنا3006,اختيارخ رمپنا-4815-1398/03/12,112004,15,1,78,74,1350,311
716,56881993417852599,IRO6MELZ9731,تملي703,تسهيلات مسكن ب. ملي-خرداد97,61042,0,1,28,59,7700,307
717,56918976818189623,IRB3TB2498B1,اخزا612,اسنادخزانه-م12بودجه96-981114,120722,17692,1,270,69,18000000,306
718,56955187872206074,IRB3TB389851,اخزا705,اسنادخزانه-م5بودجه97-980523,61027,0,1,180,69,14360000,306
719,57076944665294912,IRB3RK010151,ريل1401,اجاره ريل كوثر14010509,61024,0,1,78,69,300000,306
720,57082592909752827,IRB6SP0601C1,صايپا012,صكوك مرابحه سايپا012-3ماهه 16%,114947,7,1,40,34,3500000,208
721,57086055330734195,IRO1TSRZ0001,كرازي,كارخانجات‌توليدي‌شيشه‌رازي‌,121044,4566394,340000,1319,54,850000000,300
722,57100097091423436,IRO7FRBP0001,فرابورس,فرابورس ايران,120735,11483564,1,1361,67,1000000000,309
723,57238740597838382,IRO9MKBT0391,ضمخا1006,اختيارخ اخابر-3000-1398/10/11,61108,0,1,9,64,1000,311
724,57273529732791251,IRO1MSTI0001,خموتور,موتورسازان‌تراكتورسازي‌ايران‌,121051,7543767,285768,924,34,714420000,300
725,57309221039930244,IRO1SNMA0001,وصنعت,سرمايه‌ گذاري‌ صنعت‌ ومعدن‌,120953,6476112,1800000,1193,56,4500000000,300
726,57364480581115877,IRO9FOLD4081,ضفلا2019,اختيارخ فولاد-3462-1398/02/31,61104,0,1,23,27,1733,311
727,57487343869808400,IRB3SI2499B1,اجاد24,اجاره دولتي آپرورش-نوين991118,61025,0,1,150,69,5000000,306
728,57524237583720590,IRB3TB239841,اخزا609,اسنادخزانه-م9بودجه96-980411,120403,6335,1,259,69,8000000,306
729,57551382352708199,IRO5GSKS0001,غگز,گز سكه,94845,2351,1,103,42,49190000,313
730,57600064931636077,IRO7JMIP0001,وجامي,سرمايه گذاري جامي,115933,984164,1,615,56,120000000,309
731,57639364758870873,IRO1PSIR0001,كپشير,پشم‌شيشه‌ايران‌,120600,1536296,62555,490,54,150000000,300
732,57691401430407371,IRK1A0329881,زعف9808پ08,زعفران9808نگين ت.روستا(پ),120214,1,1,266,42,1800000,701
733,57722642338781674,IRO1PLKK0001,پلاسك,پلاسكوكار,120803,6987830,365575,1090,25,913938623,300
734,57761388729898548,IRT3AVSF0001,اوصتا,صندوق انديشه ورزان صباتامين -د,120824,2695978,1,124,68,100000000,305
735,57875847776839336,IRO1NALM0001,فنوال,نورد آلومينيوم‌,120855,5519931,271339,1234,27,678347000,300
736,57885726017540604,IRO9MSMI0941,ضملي2019,اختيارخ فملي -3200-1398/02/25,61108,0,1,29,27,1000,311
737,57944184894703821,IRO1ALBZ0001,والبر,سرمايه‌ گذاري‌ البرز(هلدينگ‌,121053,9799929,1920040,1094,43,4800100000,300
738,58035444268544991,IRO7CMKP0001,سمتاز,سيمان ممتازان كرمان,61044,0,1,122,53,600000000,309
739,58180284328186631,IRO7RFNZ0001,خفناور,مهندسي صنعتي روان فن آور,115956,4107295,1,572,34,100000000,309
740,58237722514160357,IRO9BMLT0091,ضملت2007,اختيارخ وبملت-3000-1398/02/22,61103,0,1,56,57,1000,311
741,58339330217249314,IRO9BMLT0061,ضملت2004,اختيارخ وبملت-2400-1398/02/22,61103,0,1,31,57,1000,311
742,58342586242414805,IRO9IKCO0791,ضخود3022,اختيارخ خودرو-4200-1398/03/19,61106,0,1,30,34,1000,311
743,58347513981734202,IRBKKVSA9861,عكاوه,اوراق سلف شمش فولاد كاوه,61051,0,1,66,27,832500,308
744,58474277119959628,IRO6MELZ9781,تملي708,تسهيلات مسكن ب. ملي-آبان97,61042,0,1,25,59,12602,307
745,58602432837130018,IRO7KAFP0001,شكف,كف,61045,0,1,264,44,250000000,309
746,58931793851445922,IRO1MADN0001,ومعادن,توسعه‌معادن‌وفلزات‌,121046,7119201,2387775,1579,13,40300000000,300
747,59142194115401696,IRO1LTOS0001,لوتوس,تامين سرمايه لوتوس پارسيان,121030,13026770,2000000,1125,67,5000000000,300
748,59142661037363024,IRO9PNBA0741,ضبدر2015,اختيارخ شبندر-14000-98/02/18,112615,714,1,91,23,1000,311
749,59203771713612706,IRB5R1060161,رايان106,مشاركت رايان سايپا-3ماهه16%,61049,0,1,70,65,1500000,301
750,59217041815333317,IRO1KRIR0001,خكار,ايركا پارت صنعت,121036,9361205,253421,744,34,500000000,300
751,59266699437480384,IRO3ARFZ0001,ارفع,شركت آهن و فولاد ارفع,121047,2612937,1,972,27,6000000000,303
752,59486059679335017,IRO1PETR0001,وپترو,سرمايه‌گذاري صنايع پتروشيمي‌,121051,12628990,728000,1134,44,1820000000,300
753,59598228906194285,IRB3OL019971,اميد99,مشارکت ليزينگ اميد9907,61024,0,1,81,69,1000000,306
754,59598536122397373,IRT3SSNF0001,سخند,صندوق س.سپهرخبرگان نفت-د,113633,18810,1,58,68,50000000,305
755,59607545337891226,IRO1PRKT0001,پرداخت,به پرداخت ملت,115549,294166,580000,703,72,1450000000,300
756,59612098290740355,IRO1ABAD0001,ثاباد,توريستي ورفاهي آبادگران ايران,120924,2770479,191644,933,70,240000000,300
757,59800986739603675,IRO7TSAP0001,شسم,توليد سموم‌ علف‌ كش,115053,294845,1,568,44,10000000,309
758,59839275647597021,IRO7VOSP0001,وثوق,سرمايه گذاري وثوق امين,115946,1393156,1,652,65,120000000,309
759,59848307608894801,IRO7PBRP0001,گپارس,امور رفاهي كارگزاران پارس,115947,604065,1,502,55,15307007,309
760,59866041653103343,IRO3BNOP0001,نوين,بيمه نوين,120855,3842183,1,443,66,1500000000,303
761,59921975187856916,IRO1SHPZ0001,غشاذر,پگاه‌آذربايجان‌غربي‌,121017,2678646,240000,751,42,600000000,300
762,60061422939859083,IRO1BROJ0001,نبروج,نساجي‌ بروجرد,61056,0,130582,292,17,148212165,300
763,60079434631497942,IRO7RZIP0001,ورازي,بيمه رازي,115716,7514163,1,647,66,2000000000,309
764,60161055120078161,IRO9FOLD4121,ضفلا2023,اختيارخ فولاد-4200-1398/02/31,61105,0,1,16,27,1000,311
765,60247433951600827,IRO3PNLZ0001,شاوان,پالايش نفت لاوان,121041,3569500,1,1256,23,1143421600,303
766,60326793235703126,IRB3SA0800C1,اروند08,منفعت صبا اروند ملت 14001222,61025,0,1,79,69,7000000,306
767,60350996279289099,IRO1KVEH0001,كاوه,فولاد كاوه جنوب كيش,121048,7230246,2443196,1113,27,11000000000,300
768,60451823714332895,IRO1DALZ0001,دالبر,البرزدارو,120937,5159474,744000,993,43,1860000000,300
769,60599922282667900,IRB3RYNZ98C1,رايان,مشاركت رايان سايپا 3 ماهه 22%,61024,0,1,140,69,800000,306
770,60610861509165508,IRO1KSHJ0001,حكشتي,كشتيراني جمهوري اسلامي ايران,121026,37980412,2035831,1526,60,16393000000,300
771,60633055620418060,IRO7FLTP0001,فلات,گروه صنايع معادن فلات ايرانيان,115953,2251961,1,957,56,389465000,309
772,60654872678917533,IRO1SGEN0001,سقاين,سيمان‌ قائن‌,115157,103953,100000,355,53,250000000,300
773,60664136605487163,IRO2X23T8021,جنفت802,آتي ش فرآورده نفتي-1398/02/16,61103,0,1,39,23,100,263
774,61062392807810466,IRO6MSKZ9771,تسه9707,امتياز تسهيلات مسكن مهر97,121008,1384,1,95,59,1651830,307
775,61102694810476197,IRO1BMPS0001,شپارس,بين‌ المللي‌ محصولات‌  پارس‌,121022,1933477,206000,1226,44,515000000,300
776,61298636307861167,IRO7SEIP0001,وبرق,س.کارکنان صنعت برق زنجان وقزوي,115613,188692,1,474,56,67000000,309
777,61332057061846617,IRO1DABO0001,دابور,داروسازي‌ ابوريحان‌,112826,19858,155200,408,43,388000000,300
778,61355897526163116,IRO6MSKZ97C1,تسه9712,امتياز تسهيلات مسكن اسفند97,121053,10136,1,163,59,1580251,307
779,61496765427212157,IRB5MTRE98C1,تهران812,مشاركت شهرداري تهران-3ماهه18%,61049,0,1,136,45,2400000,301
780,61506294208022391,IRO1SPPE0001,غشصفا,شيرپاستوريزه‌پگاه‌اصفهان‌,120621,4963,90604,314,42,226509000,300
781,61506473958237003,IRO6MELZ9771,تملي707,تسهيلات مسكن ب. ملي-مهر97,61042,0,1,29,59,12717,307
782,61664227282090067,IRO7LARP0001,سلار,شركت سيمان لارستان,115718,460811,1,458,53,234800504,309
783,61704081214633396,IRB4SR020081,گندم2,مرابحه گندم2-واجدشرايط خاص1400,61028,0,1,167,69,20000000,706
784,61846122339797533,IRO9IKCO0981,ضخود1022,اختيارخ خودرو-4200-1398/10/15,61106,0,1,6,34,1000,311
785,61948819034785721,IRB3EM0401A1,مبين014,اجاره اعتماد مبين لوتوس011019,61023,0,1,132,69,3000000,306
786,61970711726059526,IRB3TB439851,اخزا712,اسنادخزانه-م12بودجه97-980530,61028,0,1,177,69,10000000,306
787,61978257933030834,IRO3MSZ96061,تسه9606,امتياز تسهيلات مسكن شهريور 96,120333,406,1,60,59,1387084,303
788,62001406407337461,IRO6MSKZ9731,تسه9703,امتياز تسهيلات مسكن خرداد97,120658,794,1,76,59,1857134,307
789,62177651435283872,IRO1NKOL0001,شكلر,نيروكلر,121050,2495836,200000,1240,44,500000000,300
790,62258804563636993,IRO1GSKE0001,تكشا,گسترش‌صنايع‌وخدمات‌كشاورزي‌,120736,866220,69580,736,29,109956691,300
791,62346804681275278,IRO1SGAZ0001,كگاز,شيشه‌ و گاز,120940,4551965,180000,1044,54,450000000,300
792,62603302940123327,IRO1SNRO0001,ونيرو,سرمايه‌گذاري‌نيرو,120932,19741963,2800000,1529,40,7000000000,300
793,62676147384308146,IRO2X57T8061,جبانك806,آتي ش بانك ها-1398/06/20,110316,2,1,38,57,90000,263
794,62786156501584862,IRO1PASH0001,پاكشو,گروه صنعتي پاكشو,115909,96649,310087,610,44,1000000000,300
795,62810990108260391,IRR1GOLG0101,كگلح,ح . معدني و صنعتي گل گهر,121035,9111811,1,427,13,12000000000,400
796,62892526946589471,IRO9FKHZ0081,ضخوز2005,اختيارخ فخوز-8500-1398/02/16,61104,0,1,22,27,1000,311
797,62952165421099192,IRO1KALZ0001,بالبر,كابل‌ البرز,121031,7172919,148456,758,31,316920000,300
798,62977319271289925,IRO3KBCZ0001,كي بي سي,شركت كي بي سي,120537,289000,1,422,43,290000000,303
799,63084741752814852,IRO7DSHP0001,دشيري,شيرين دارو	,115954,170387,1,789,43,50000000,309
800,63278138606863245,IRO9MKBT0311,ضمخا7013,اختيارخ اخابر-3400-1398/07/10,61108,0,1,5,64,1000,311
801,63298392641281562,IRO1GCOZ0002,غگل2,گلوكوزان‌,61057,0,1,28,42,200000000,300
802,63310105340116493,IRR1SKAZ0101,سخزرح,ح . سيمان‌ خزر,121020,728019,1,267,53,0,400
803,63315013743060811,IRO7NORP0001,ثنور,سرمايه گذاري كوه نور,120000,31294625,1,957,70,867764000,309
804,63343069015152596,IRO2XS308021,جسي802,آتي ش 30 شركت بزرگ-1398/02/31,61103,0,1,32,64,8000,263
805,63363116407864462,IRO1ASAL0001,لابسا,آبسال‌,115926,376320,144000,783,29,360000000,300
806,63365223331178394,IRBKAFL19871,عفولاد,اوراق سلف ورق گرم فولاد,61050,0,1,103,27,49297510,308
807,63365279119771979,IRO9PASN0711,ضسان3015,اختيارخ پارسان-4400-1398/03/26,61108,0,1,47,44,1000,311
808,63380098535169030,IRO1GNBO0001,قنيشا,قند  نيشابور,120532,6481164,108000,824,38,270000000,300
809,63417642590664582,IRO2X27T8021,جفلز802,آتي ش فلزات اساسي-1398/02/23,61103,0,1,39,27,600,263
810,63481599728522324,IRO1SAHD0001,ثشاهد,سرمايه‌ گذاري‌ شاهد,121025,2355681,1602653,730,70,4006632000,300
811,63499217872110599,IRO7SHQP0001,كقزوي,شيشه‌ قزوين‌,61048,0,1,869,54,1428000000,309
812,63580313877463104,IRO1YASA0001,پاسا,ايران‌ياساتايرورابر,120721,14695176,240000,1044,25,600000000,300
813,63704201144621295,IRO7BNDP0001,حبندر,دريايي و کشتيراني خط دريابندر,61043,0,1,383,60,158437500,309
814,63830424809501048,IRO3APDZ0001,اپرداز,آتيه داده پرداز,120924,2747830,1,1141,73,750000000,303
815,63872174940539230,IRO9PASN0691,ضسان3013,اختيارخ پارسان-4000-1398/03/26,61108,0,1,44,44,1000,311
816,63886359541594299,IRO9IKCO0921,ضخود7028,اختيارخ خودرو-5000-1398/07/14,61106,0,1,7,34,1000,311
817,63915926161403347,IRO1KHSH0001,خشرق,الكتريك‌ خودرو شرق‌,120814,9848284,252000,1064,34,630000000,300
818,63917421733088077,IRO1BTEJ0001,وتجارت,بانك تجارت,121054,632501321,23094688,5177,57,223926127000,300
819,63927951115901851,IRO9MKBT0321,ضمخا7014,اختيارخ اخابر-3600-1398/07/10,61108,0,1,10,64,1000,311
820,64155926828410021,IRO7AZRP0001,ساذري,آذريت‌,115937,154723,1,591,54,6000000,309
821,64187342796936325,IRO9PNES0741,ضشنا3017,اختيارخ شپنا-9000-1398/03/22,61110,0,1,33,23,1000,311
822,64289770858657141,IRO7GPHP0001,دقاضي,داروسازي شهيد قاضي,115625,89994,1,378,43,135000000,309
823,64298008532791199,IRO3SYNZ0001,ساينا,صنايع بهداشتي ساينا,120753,606347,1,674,44,100000000,303
824,64341992373049080,IRO3DBRZ0001,سدبير,س. تدبيرگران فارس وخوزستان,120324,12121613,1,282,56,250000000,303
825,64358061873294912,IRO1FIBR0001,چفيبر,فيبر ايران‌,121007,6514800,538770,1002,20,1346925307,300
826,64485827086284311,IRO7JSHP0001,فجوش,جوش‌ و اكسيژن‌ ايران‌,61045,0,100000,58,28,10350000,309
827,64551943070423993,IRB5MTEH98B1,تهران811,مشاركت شهرداري تهران-3ماهه21%,61049,0,1,134,45,4600000,301
828,64699417405634265,IRO3ANQZ0001,نطرين,عطرين نخ قم,120857,894599,1,796,17,100043000,303
829,64707090254488560,IRO7ETMP0001,ثعتما,س. ساختماني اعتماد گستر,115949,1007451,1,763,70,70733480,309
830,64842837716888827,IRO7SDLP0001,خكاوه,سايپا ديزل,115959,44406400,1,945,34,2635712852,309
831,64843936383937546,IRO3PGLZ0001,غگلستا,شير پاستوريزه پگاه گلستان,121014,1187699,1,639,42,120000000,303
832,64898149656361794,IRO6MSKZ9782,تسه97082,امتياز تسهيلات مسكن آبان97,91515,100,1,15,59,1978207,307
833,65004959184388996,IRO1ALIR0001,فايرا,آلومينيوم‌ايران‌,121033,12680479,1951981,1179,27,5197830613,300
834,65018804181564924,IRO3GOMZ0001,گوهران,سرمايه گذاري توسعه گوهران اميد,120953,3878822,1,620,56,2000000000,303
835,65023851436340574,IRT1SKDF0001,كاردان,صندوق س تجارت شاخصي كاردان,121042,3840,1,51,68,100000000,305
836,65060763648930068,IRO9IKCO0851,ضخود7021,اختيارخ خودرو-3600-1398/07/14,61106,0,1,9,34,1000,311
837,65122215875355555,IRO1PFAN0001,شفن,پتروشيمي فناوران,121013,210184,175466,471,44,950000000,300
838,65184217531006956,IRB5MNFT98A1,منفت9810,مشاركت س.ص.كاركنان نفت3ماهه21%,61049,0,1,135,11,2000000,301
839,65321970913593427,IRO1SKOR0001,سكرد,سيمان كردستان,121053,9950392,880000,996,53,2200000000,300
840,65339948604901401,IRB3SS2199C1,شستا991,اجاره تامين اجتماعي-امين991226,61026,0,1,162,69,7000000,306
841,65372898104738885,IRB3KM0200B1,كرمان00,رهني كرمان موتور14001130,61023,0,1,136,69,2000000,306
842,65414507129586385,IRO1KHAZ0001,لخزر,پارس‌ خزر,120947,242499,60480,658,29,151200000,300
843,65490886290565185,IRO7ZNGP0001,شزنگ,تجهيزنيروي‌زنگان‌,115936,522367,1,580,23,28000000,309
844,65647223172013387,IRB6SP010031,صايپا143,صكوك اجاره سايپا143-3ماهه18%,61050,0,1,57,34,1750000,208
845,65671173927025645,IRO3TUKZ0001,كتوكا,توليدي و خدمات صنايع نسوز توكا,120743,2094450,1,1217,54,150000000,303
846,65801733033187418,IRB4SM049871,اشاد4,مشاركت دولتي4-شرايط خاص980730,101457,2000,1,148,69,1666854,706
847,65883838195688438,IRO1IKCO0001,خودرو,ايران‌ خودرو,121043,75970542,2338087,2981,34,15300000000,300
848,65913670626064922,IRO6MELZ9751,تملي705,تسهيلات مسكن ب. ملي-مرداد97,112554,24,1,37,59,11926,307
849,65932581790240568,IRR1SGRB0101,سغربح,ح . سيمان‌غرب‌,120619,130590,1,125,53,200000000,400
850,65996297871759754,IRB3MH0101B1,ماهان01,منفعت هواپيمايي ماهان 14011123,61024,0,1,135,69,1000000,306
851,65999092673039059,IRO1DADE0001,مداران,داده‌پردازي‌ايران‌,120923,2213743,260000,955,72,650000000,300
852,66021783818850713,IRO7FAFP0001,فافزا,فولاد افزا سپاهان,115953,169364,1,421,27,90000000,309
853,66036975502302203,IRT1CFIF0001,فيروزه,صندوق شاخص30 شركت فيروزه- سهام,114939,6990,1,66,68,50000000,305
854,66090028945856304,IRO9IKCO0721,ضخود3015,اختيارخ خودرو-2800-1398/03/19,61105,0,1,27,34,1000,311
855,66127247173352975,IRO7ESHP0001,تشتاد,صنايع توليدي اشتاد ايران‌,115943,233998,1,409,34,385391077,309
856,66142616039907394,IRO3BDMZ0001,دماوند,توليد نيروي برق دماوند,120736,347010,1,803,40,2760000000,303
857,66210395067138534,IRO7TOPP0001,شتولي,تولي‌پرس‌,61049,0,1,532,44,250000000,309
858,66240430785255272,IRR1MADN0101,ومعادنح,ح . توسعه‌معادن‌وفلزات‌,120925,2498727,1,488,13,6181611000,400
859,66295665969375744,IRO1SBOJ0001,سبجنو,سيمان‌ بجنورد,121051,934758,156800,454,53,392000000,300
860,66362433671981035,IRB6SP030041,صيدك1404,صكوك اجاره سايپا يدك-3ماهه18%,61050,0,1,60,50,850000,208
861,66450490505950110,IRO1DAML0001,ددام,داروسازي زاگرس فارمد پارس,121043,5096382,368089,1219,43,920223000,300
862,66514709341259550,IRO7FVAP0001,فوكا,فولاد كاويان,61044,0,1,148,27,5974725677,309
863,66599109405217136,IRO3PKHZ0001,گكوثر,هتل پارسيان كوثر اصفهان,120901,685423,1,784,55,110000000,303
864,66682662312253625,IRT3SSAF0001,آساس,صندوق س.آسمان آرماني سهام-س,115411,3240,1,73,68,1000000000,305
865,66701874099226162,IRO1KSIM0001,فاسمين,كالسيمين‌,121043,3316963,800000,1490,27,2000000000,300
866,66742178698943187,IRO9MKBT0211,ضمخا3016,اختيارخ اخابر-3400-1398/03/29,61107,0,1,17,64,1000,311
867,66772024744156373,IRO1BAHN0001,فباهنر,مس‌ شهيدباهنر,121046,9532211,450000,1498,27,1125000000,300
868,66818022341772870,IRT3FATF0001,اعتماد,صندوق س.اعتماد آفرين پارسيان-د,121012,12864170,1,255,68,50000000,305
869,66821804111982655,IRO9BMLT0101,ضملت2008,اختيارخ وبملت-3200-1398/02/22,61103,0,1,71,57,1000,311
870,66830065858417081,IRO7VLNP0001,ولانا,شركت ليزينگ آريا دانا,115642,1444777,1,734,65,100000000,309
871,66896068357534899,IRB3SNDZ98A1,صدانا98,اجاره دانا پتروريگ كيش 1394,61026,0,1,131,69,650000,306
872,67030488744129337,IRO1GPSH0001,قپيرا,فرآورده‌هاي‌غدايي‌وقندپيرانشهر,113403,74431,80000,477,38,200000000,300
873,67126881188552864,IRO1MAPN0001,رمپنا,گروه مپنا (سهامي عام),120702,50253265,1875117,2479,74,27000000000,300
874,67170215467608124,IRO3ZAGZ0001,زنگان,صنعت روي زنگان,120455,2748418,1,717,27,100000000,303
875,67206358287598044,IRO1SHMD0001,كهمدا,شيشه‌ همدان‌,121040,6998902,460800,1447,54,1152000000,300
876,67293053847780742,IRB3TB3599A1,اخزا704,اسنادخزانه-م4بودجه97-991022,121044,61393,1,291,69,24441466,306
877,67327029014085707,IRO1SKAZ0001,سخزر,سيمان‌ خزر,120507,1000358,200000,680,53,500000000,300
878,67450532362400376,IRO9MKBT0271,ضمخا7009,اختيارخ اخابر-2600-1398/07/10,61107,0,1,6,64,1000,311
879,67612261115225625,IRO1TKLA0001,تكالا,توليدكنندگان بورس كالاي ايران,115330,86,496000,47,67,1240000000,300
880,67663551073675326,IRO9PNES0791,ضشنا3022,اختيارخ شپنا-13000-1398/03/22,61110,0,1,21,23,1000,311
881,67690708346979840,IRO1TAMI0001,كماسه,تامين‌ ماسه‌ ريخته‌گري‌,121021,1881520,64800,858,14,162000000,300
882,67988012428906654,IRO1DPAK0001,دارو,كارخانجات‌داروپخش‌,120545,3345173,250000,826,43,625000000,300
883,68000021842531234,IRB5SPAM9981,صايپا998,صكوك مرابحه سايپا998-3ماهه 18%,61049,0,1,59,34,3000000,301
884,68077252135758930,IRO9PNES0751,ضشنا3018,اختيارخ شپنا-9500-1398/03/22,61110,0,1,23,23,1000,311
885,68117765376081366,IRO1TGOS0001,وتوس,توسعه‌شهري‌توس‌گستر,120903,4307876,640000,750,70,1600000000,300
886,68203878405672734,IRT1CSNF0001,صنوين,صندوق سرمايه‌گذاري صنوين-مختلط,120938,9914,1,86,68,100000000,305
887,68437109220917664,IRR7TNIP0101,بنوح,ح . بيمه تجارت نو,115858,331822,1,239,66,320000000,404
888,68488673556087148,IRO1SPTA0001,فپنتا,سپنتا,120703,9843,21669,579,27,54172800,300
889,68517032834363488,IRO3BSRZ0001,شبصير,توليدات پتروشيمي قائد بصير,121053,2585000,1,827,44,330000000,303
890,68635710163497089,IRO1HMRZ0001,همراه,شركت ارتباطات سيار ايران,121038,1765882,493705,929,64,9600000000,300
891,68795770663055792,IRO9MAPN0191,ضپنا3011,اختيارخ رمپنا-7000-1398/03/12,61106,0,1,28,74,1000,311
892,68846812677163892,IRB6IK0400C1,صخود0012,ص مرابحه خودرو0012- 3ماهه 18%,103531,50000,1,73,34,3500000,208
893,68909035712962732,IRO3BGHZ0001,ثباغ,شهر سازي و خانه سازي باغميشه,120959,2256552,1,574,70,1320000000,303
894,68994573424108746,IRO7ARTP0001,پارتا,مجتمع‌صنعتي‌آرتاويل‌تاير,61043,0,1000000,123,25,1202000000,309
895,69018118187907177,IRB3TB4898A1,اخزا717,اسنادخزانه-م17بودجه97-981017,120252,58066,1,198,69,2819154,306
896,69065132449283302,IRT3SATF0002,اطلس2,صندوق س.توسعه اندوخته آينده-س,120243,50000,1,26,68,1000000000,305
897,69067576215760005,IRT3SSKF0001,كاريس,صندوق س.سپهر كاريزما-س,120104,97791,1,149,68,1000000000,305
898,69090868458637360,IRO1IRDR0001,ديران,ايران‌دارو,121026,5288307,212000,645,43,530000000,300
899,69143674941561637,IRO1IPTR0001,پترول,گروه پتروشيمي س. ايرانيان,121054,33363757,5330490,1342,44,20000000000,300
900,69399924050316081,IRO6MELZ9711,تملي701,تسهيلات مسكن ب. ملي-فروردين97,61042,0,1,24,59,6908,307
901,69454539056549106,IRO1LAPS0001,بشهاب,لامپ‌  پارس‌ شهاب‌,120554,2013902,64800,703,31,162000000,300
902,69697263573327216,IRO9IKCO0881,ضخود7024,اختيارخ خودرو-4200-1398/07/14,61106,0,1,7,34,1000,311
903,69745790634875004,IRO9MSMI0991,ضملي2024,اختيارخ فملي -4200-1398/02/25,61108,0,1,19,27,1000,311
904,69845771007314681,IRB5GACH0041,مگچسا104,مشاركت گچساران- 3 ماهه 18%,61049,0,1,70,44,2000000,301
905,69847139870135237,IRO3MOBZ0001,اوان,مبين وان كيش,120756,172757,1,744,73,100000000,303
906,70077718812239609,IRB3SA0900C1,اروند09,منفعت صبا اروند نوين 14001222,61025,0,1,78,69,3000000,306
907,70219663893822560,IRO1JOSH0001,بكاب,صنايع‌جوشكاب‌يزد,90245,64661,39438,871,31,24100000,300
908,70270965300262393,IRO1BALB0001,البرز,بيمه البرز,120958,14693777,1600000,1094,66,4000000000,300
909,70289374539527245,IRO1GHAT0001,ختوقا,قطعات‌ اتومبيل‌ ايران‌,121021,6972184,440000,822,34,1100000000,300
910,70474983732269112,IRO1PDRO0001,دپارس,پارس‌ دارو,120826,481616,210000,547,43,525000000,300
911,70498485598181604,IRO3FOHZ0001,هرمز,فولاد هرمزگان جنوب,120724,1641872,1,744,27,15000000000,303
912,70595828753641750,IRT1FPAF0001,پارند,صندوق س. پارند پايدار سپهر,120835,5069434,1,199,68,100000000,305
913,70606129041977603,IRBKESKH9841,عخوز,اوراق سلف سيمان خوزستان,61051,0,1,75,53,408496,308
914,70718604552494663,IRB3TB2298A1,اخزا614,اسنادخزانه-م14بودجه96-981016,120050,1162,1,208,69,10374030,306
915,70934270174405743,IRO1PKHA0001,شخارك,پتروشيمي‌ خارك‌,120524,764250,217576,1046,44,2000000000,300
916,71290297158948749,IRO3GAHZ0001,زقيام,كشت و دام قيام اصفهان,120918,1954669,1,1361,1,350000000,303
917,71451973289214923,IRO9MAPN0181,ضپنا3010,اختيارخ رمپنا-6500-1398/03/12,61106,0,1,31,74,1000,311
918,71510396252618330,IRO3BLKZ0001,دبالك,مواد اوليه دارويي البرز بالك,121007,5985154,1,938,43,170000000,303
919,71523986304961239,IRO3GHSZ0001,قشير,قند شيروان قوچان و بجنورد,114550,2310847,1,692,38,330000000,303
920,71577346467108601,IRB3KO019941,كورش99,مرابحه صنعت غذايي كورش990411,61024,0,1,98,69,500000,306
921,71665987033532474,IRO7VMHP0001,ومهر,بانك مهر اقتصاد,61049,0,1,245,57,12000000000,309
922,71672399601682259,IRT3CSAF0001,ثروتم,صندوق س. ثروت آفرين پارسيان-م,114721,12810,1,69,68,50000000,305
923,71744682148776880,IRO1LSMD0001,ولصنم,ليزينگ‌صنعت‌ومعدن‌,121031,741315,800000,456,58,2000000000,300
924,71772000724177515,IRB3TB369941,اخزا706,اسنادخزانه-م6بودجه97-990423,115418,59055,1,257,69,27868137,306
925,71856634742001725,IRO1SEPK0001,سپ,پرداخت الكترونيك سامان كيش,121054,2216645,983478,829,72,3000000000,300
926,71989348392752196,IRO2X23T8061,جنفت806,آتي ش فرآورده نفتي-1398/06/11,104438,1,1,50,23,100,263
